chr,rsid,bx,bxse,a1,a2,PPA4_adipose,PPA4_brain
17,rs1000940,-0.0154,0.0018,A,G,0.829863613,0.987054531
14,rs10144318,0.0092,0.0016,A,C,0.585205014,0.885793451
17,rs1038088,-0.0117,0.0016,T,G,0.524520508,0.884962215
13,rs1045411,-0.0148,0.0019,T,C,0.076176877,0.961095722
3,rs10460960,0.0197,0.0025,A,G,0.231307411,0.971030059
7,rs1048303,-0.0111,0.0018,T,C,0.282896799,0.996029357
11,rs1048932,-0.016,0.0017,A,C,0.999991163,0.185590772
17,rs1075901,-0.0121,0.0016,T,C,0.746984965,0.881885373
11,rs10768994,0.0114,0.0017,T,C,0.155518078,0.999932687
1,rs10779751,0.0139,0.0018,A,G,0.801050318,0.717706031
10,rs10824218,0.0122,0.0018,A,T,0.400273699,0.988467958
11,rs10832778,-0.0125,0.0017,C,G,0.982813295,0.446923272
11,rs10838465,0.014,0.0019,A,C,0.131283087,0.845204714
12,rs10878946,-0.0141,0.0019,T,C,0.335139904,0.928217905
10,rs10886017,0.0152,0.0019,A,C,0.9511095,0.135824652
1,rs10923724,-0.0118,0.0016,T,C,0.967116849,0.044379558
9,rs10971712,-0.0197,0.0027,T,C,0.823944171,0.9142427
12,rs11066188,-0.012,0.0017,A,G,0.936569607,0.271850331
20,rs1117080,0.011,0.0019,C,G,0.831551951,0.913395553
22,rs11538,-0.0135,0.0023,A,G,0.404649582,0.967331736
1,rs11577094,0.0182,0.003,T,C,0.995962772,0.223915957
15,rs11629783,0.0146,0.002,C,G,0.173266508,0.899293635
15,rs11635675,0.0124,0.0018,T,G,0.810205494,0.179807716
19,rs11670142,-0.0111,0.0018,T,G,0.976015883,0.389692236
3,rs11710798,0.0167,0.0028,A,C,0.922133918,0.940211233
16,rs11866815,-0.0156,0.0019,T,C,0.400432853,0.955412294
1,rs12022461,-0.0159,0.0023,A,G,0.740352674,0.840859848
1,rs12044597,-0.0143,0.0016,A,G,0.993637895,0.994972764
1,rs12120851,-0.0144275,0.00240443,T,C,0.371012759,0.932556286
17,rs12150665,0.0162,0.0017,T,C,0.985911293,0.990304276
10,rs12411886,0.0271,0.003,A,C,0.838892175,0.943736659
2,rs12468863,-0.0153,0.0016,T,C,0.176189509,0.96987039
8,rs12545740,0.0105,0.0018,A,C,0.780246954,0.930248591
1,rs12564992,-0.0196,0.0026,A,G,0.990215866,0.949515647
15,rs12595749,0.0141,0.0017,A,G,0.252968581,0.83175836
16,rs12597712,-0.0109,0.0017,C,G,0.063352488,0.99036905
22,rs12628891,-0.0112,0.0019,T,C,0.964493036,0.673926967
2,rs1263618,-0.012,0.0017,T,C,0.89791651,0.480580526
1,rs12759296,0.0104,0.0018,T,G,0.557493352,0.932959887
10,rs12779943,0.0213,0.0032,T,C,0.267427363,0.936505555
15,rs12905439,0.0118,0.0018,C,G,0.312070492,0.910066033
18,rs12964689,0.0203,0.0017,A,G,0.768283604,0.953438734
3,rs13072731,-0.0105,0.0018,A,C,0.566909855,0.916444476
5,rs13174863,-0.0192,0.0023,A,G,0.228684998,0.902747871
6,rs13209968,0.0114,0.0017,C,G,0.800997757,0.964186524
7,rs13240600,0.0204,0.0024,A,G,0.887608272,0.964707803
22,rs138289,0.0103,0.0017,A,T,0.988901829,0.620401771
8,rs1394,-0.0154,0.0017,A,G,0.870834831,0.418126914
3,rs1452075,0.0141,0.0018,T,C,0.115718767,0.871226616
11,rs1465900,0.0125,0.002,A,C,0.178728599,0.949778505
10,rs1468069,0.0104,0.0018,A,C,0.929287197,0.511883952
1,rs16864515,0.0186,0.0029,A,C,0.993859155,0.627077589
6,rs16882001,-0.0269,0.004,A,G,0.890087968,0.159862334
2,rs1704190,0.0098,0.0018,A,G,0.874458904,0.928247909
7,rs17207196,-0.0221,0.0018,T,C,0.955795535,0.99623409
1,rs1730859,-0.0118,0.0017,A,G,0.830513854,0.987687398
1,rs17391694,0.0317,0.0025,T,C,0.997444377,0.08254612
8,rs17446091,-0.0123,0.002,T,C,0.370082852,0.970422441
22,rs175165,0.0103,0.0018,T,G,0.491894856,0.975336648
7,rs17685,0.0114,0.002,A,G,0.823196866,0.099852748
5,rs17695092,0.0106,0.0018,T,G,0.907524572,0.934792778
6,rs17757975,0.0143,0.0024,T,C,0.561360338,0.884540721
11,rs1784460,0.0132,0.0018,A,T,0.665020957,0.894890684
7,rs1830074,-0.0115,0.0019,T,C,0.342204225,0.995886058
20,rs1884389,-0.0103,0.0017,T,C,0.973351011,0.60064633
7,rs1899689,0.0117,0.0016,T,C,0.057579222,0.871086049
1,rs1993709,-0.0331,0.0021,A,G,0.03694107,0.931335466
14,rs2010281,-0.0161,0.0017,A,G,0.737770245,0.862237684
5,rs2052883,0.0098,0.0017,A,G,0.938209621,0.035251809
5,rs2074613,0.0111,0.0017,T,C,0.824252736,0.519656309
17,rs208015,0.0356,0.0034,T,C,0.186770242,0.829319921
2,rs2162524,-0.0155,0.0018,T,C,0.15889426,0.889108505
8,rs2170382,0.0172,0.0027,T,C,0.175146133,0.835475274
7,rs217433,-0.0117,0.0021,T,C,0.442569838,0.846861183
4,rs223391,-0.0131,0.0021,A,G,0.230162274,0.981393464
1,rs2235564,0.0131,0.0018,T,C,0.276265086,0.878441172
16,rs2238373,0.0112,0.0019,A,G,0.840290052,0.635620047
6,rs2246012,-0.0158,0.0022,T,C,0.164476797,0.910613017
2,rs2280039,0.0095,0.0017,A,G,0.175136192,0.803213922
1,rs2282231,0.0165,0.0021,T,C,0.9079478,0.517505395
3,rs2293605,-0.0167,0.0027,T,C,0.844647579,0.924218404
19,rs2304130,0.0176,0.003,A,G,0.952745042,0.962157423
5,rs2367112,0.0119,0.0016,T,G,0.941308574,0.087836828
20,rs2425024,-0.0103,0.0018,A,C,0.931646171,0.586215126
20,rs2425847,-0.0118,0.0018,A,G,0.854550282,0.336025019
1,rs2481665,0.0161,0.0016,T,C,0.053535979,0.856829851
3,rs263041,0.0124,0.0018,A,G,0.986195605,0.269897596
3,rs2710323,-0.0141,0.0016,T,C,0.966850617,0.993713343
3,rs28350,0.0177,0.0022,A,G,0.097220705,0.971213516
21,rs2837398,-0.0114,0.0018,A,C,0.0935181,0.938404791
6,rs2842385,-0.012,0.0022,A,G,0.089586121,0.957462586
8,rs3134353,-0.0125,0.0018,A,T,0.731240066,0.986738275
7,rs329277,-0.0099,0.0017,T,G,0.91809761,0.054130075
11,rs349088,-0.0128,0.0017,A,C,0.121156196,0.883096506
3,rs3731544,0.0214,0.0031,A,C,0.602618511,0.856176363
14,rs3803286,0.0181,0.0018,A,G,0.093504764,0.987527439
7,rs3807875,-0.0094,0.0017,A,G,0.057176883,0.870968614
19,rs3810291,0.0274,0.0018,A,G,0.93834835,0.632376843
6,rs3813680,0.0144,0.0024,A,G,0.271040892,0.903377422
16,rs3814883,0.0232,0.0017,T,C,0.47657883,0.912419526
5,rs3844598,-0.0095,0.0017,A,G,0.94661796,0.984897818
16,rs3888190,0.0271,0.0017,A,C,0.838099942,0.942901919
19,rs3957285,0.0144,0.0018,A,G,0.895756978,0.818908763
10,rs3977755,-0.0135,0.0019,T,C,0.862326564,0.964880685
20,rs4012234,-0.0141,0.0018,T,G,0.944965828,0.695813291
12,rs4077093,0.0128,0.0022,T,G,0.998912804,0.070669342
3,rs4132228,0.0101,0.0018,T,C,0.97009137,0.037024635
12,rs4148866,0.0098,0.0018,T,C,0.955422518,0.320369105
21,rs427943,-0.017,0.0017,A,C,0.152407641,0.936994276
9,rs450231,-0.0127,0.002,A,G,0.073520257,0.894504664
16,rs455527,0.0199,0.0035,T,C,0.931970295,0.131135594
2,rs4556997,0.0197,0.0024,A,C,0.890098918,0.101305378
5,rs460799,-0.0118,0.0019,A,G,0.106784644,0.842041082
1,rs4653017,0.0122,0.0018,T,C,0.595821356,0.949507867
3,rs4677812,-0.0136,0.0019,A,C,0.83430393,0.833599005
5,rs4704513,-0.0125,0.0022,C,G,0.310013381,0.897267038
11,rs472611,-0.0101,0.0018,A,G,0.326499675,0.8143147
17,rs4796243,-0.0124,0.0019,A,G,0.985998329,0.99035869
8,rs4841659,0.0149,0.0017,T,C,0.989204082,0.949852291
5,rs4865796,-0.0103,0.0018,A,G,0.989685098,0.171858791
9,rs4877313,0.0129,0.0021,A,T,0.940328398,0.157989891
16,rs4889606,0.0202,0.0017,A,G,0.543258942,0.925881376
1,rs4970712,0.0139,0.002,A,C,0.817521669,0.914923099
16,rs4985557,-0.01,0.0018,T,C,0.984032481,1
18,rs559231,0.0135,0.0018,T,G,0.876813302,0.809646254
1,rs591088,-0.0097,0.0017,T,C,0.807551269,0.738108017
20,rs6050446,-0.0343,0.0047,A,G,0.088316459,0.852141754
7,rs6463489,0.0157,0.0026,T,C,0.978431401,0.956507445
20,rs6512302,0.0142,0.002,C,G,0.409127998,0.989794138
6,rs6569648,-0.0126,0.0019,T,C,0.122864787,0.906384952
1,rs6587552,0.0173,0.002,A,G,0.992732056,0.922751239
12,rs6606686,-0.0136,0.0018,C,G,0.765454708,0.923042469
1,rs6692586,0.0192,0.0023,A,G,0.311561188,0.863641034
2,rs6738445,-0.0133,0.0018,T,C,0.988789968,0.905764929
3,rs6764533,0.0116,0.0018,A,G,0.4428221,0.863967814
20,rs676749,-0.0104,0.0017,A,T,0.811989252,0.833875047
3,rs6777784,0.0105,0.0018,T,G,0.10837219,0.873544292
6,rs6901756,0.0146,0.0025,T,C,0.289160602,0.982862758
8,rs6985109,-0.0177,0.0017,A,G,0.885037358,0.938961037
9,rs7031064,0.0108,0.0017,A,G,0.197985532,0.984174471
10,rs7083450,0.0159,0.0023,T,C,0.766272891,0.980147588
11,rs7102454,-0.0158,0.0018,T,C,0.970479644,0.491169618
11,rs7124681,0.0263,0.0016,A,C,0.968825098,0.84463606
12,rs7133378,0.0125,0.0018,A,G,0.968128465,0.958423604
12,rs7134628,0.0172,0.0028,A,G,0.949452204,0.948600649
15,rs7172627,-0.0117,0.0017,A,G,0.095274285,0.974706121
16,rs7189122,-0.015,0.0023,T,C,0.82790945,0.925766086
11,rs719802,0.0101,0.0018,T,C,0.333699949,0.997774284
16,rs7200919,0.0095,0.0017,A,G,0.871090786,0.988168906
17,rs7209235,-0.0111,0.0019,A,G,0.45641455,0.801065383
17,rs7220138,-0.0123,0.0019,C,G,0.348943896,0.828831448
13,rs7334078,0.0121,0.0019,T,C,0.824398652,0.950631993
22,rs738140,0.0135,0.0019,A,G,0.450412566,0.999802539
1,rs7535528,-0.0152,0.0018,A,G,0.832083211,0.257712978
1,rs7540681,-0.0112038,0.001997,T,C,0.948220048,0.986763149
1,rs7551507,-0.0184,0.0016,T,C,0.34031106,0.91722013
2,rs7557796,0.016,0.0018,T,C,0.920627143,0.910101068
2,rs7607351,0.0119,0.0017,T,C,0.929106915,0.762639013
2,rs7607369,0.0117,0.0016,A,G,0.450941638,0.862996
1,rs761423,0.0113,0.0017,T,C,0.506876761,0.955113095
3,rs7630080,0.0168,0.0031,A,G,0.256161291,0.881186776
3,rs7652415,0.0156,0.0026,T,C,0.359941244,0.877062058
5,rs7716275,-0.0132,0.0021,T,G,0.859981273,0.278223914
7,rs7811342,0.0197,0.0029,T,C,0.203181114,0.907851297
8,rs7830160,-0.0132,0.0019,T,C,0.132153692,0.883837359
9,rs7871866,0.0187,0.0024,C,G,0.695977305,0.910023537
11,rs7947143,-0.018,0.0024,A,G,0.315875076,0.990316866
12,rs7963783,0.0126,0.0019,T,G,0.377315498,0.92919557
15,rs8033995,-0.0166,0.0029,C,G,0.799755308,0.854801606
17,rs8075273,-0.0133,0.0018,A,C,0.550284352,0.887947183
1,rs823074,0.0112,0.0017,T,C,0.575849661,0.988305655
12,rs833831,0.016,0.0027,T,G,0.203852564,0.918358789
8,rs881301,-0.0097,0.0017,T,C,0.915843761,0.968248963
16,rs889398,-0.0196,0.0016,T,C,0.751123488,0.965452959
19,rs895330,0.0201,0.0023,C,G,0.344386159,0.855686302
1,rs905938,-0.0149,0.0019,T,C,0.995878692,0.956838337
17,rs9299,0.0121,0.0018,T,C,0.953658009,0.964602992
15,rs936227,-0.0118,0.0017,A,G,0.7457126,0.898818128
6,rs9394312,0.0109,0.0017,C,G,0.81909518,0.992941136
3,rs9821675,-0.0293415,0.00196279,A,G,0.932347877,0.899725921
16,rs9921416,-0.01,0.0018,T,C,0.064268914,0.990369307
18,rs9965170,-0.0097,0.0017,A,G,0.654150433,0.854213124
19,rs998732,0.0171,0.0022,A,G,0.929108646,0.945493518
