rsid,chr.pos,exposure,outcome,a1,a2,bx,bxse,by,byse,Adipose_P,Brain_P
rs208015,chr17:46252346,BMI,Coronary_heart_disease,C,T,0.0356,0.0034,-0.021288,0.0159868,,
rs6050446,chr20:25195509,BMI,Coronary_heart_disease,G,A,-0.0343,0.0047,0.034177,0.031992,,
rs1993709,chr1:72838529,BMI,Coronary_heart_disease,G,A,-0.0331,0.0021,0.034146,0.0133547,,
rs17391694,chr1:78623626,BMI,Coronary_heart_disease,T,C,0.0317,0.0025,0.028473,0.0174554,,
rs9821675,chr3:49902544,BMI,Coronary_heart_disease,G,A,-0.0293415,0.00196279,0.035322,0.0096787,0.899725921185352,0.93234787679107
rs3810291,chr19:47569003,BMI,Coronary_heart_disease,A,G,0.0274,0.0018,0.024594,0.0103696,,
rs12411886,chr10:104685299,BMI,Coronary_heart_disease,A,C,0.0271,0.003,-0.075599,0.0141716,0.943736659286822,0.83889217492247
rs3888190,chr16:28889486,BMI,Coronary_heart_disease,A,C,0.0271,0.0017,0.019161,0.0101002,0.942901918812634,0.838099941951199
rs16882001,chr6:90322237,BMI,Coronary_heart_disease,G,A,-0.0269,0.004,0.025052,0.019011,,
rs7124681,chr11:47529947,BMI,Coronary_heart_disease,A,C,0.0263,0.0016,-0.000684,0.0096146,0.844636059881338,0.968825097873331
rs3814883,chr16:29994922,BMI,Coronary_heart_disease,T,C,0.0232,0.0017,-0.009706,0.0099297,,
rs17207196,chr7:75101065,BMI,Coronary_heart_disease,T,C,-0.0221,0.0018,-0.014952,0.01108,0.996234090009094,0.955795534799037
rs3731544,chr3:48207997,BMI,Coronary_heart_disease,A,C,0.0214,0.0031,0.045994,0.0208522,,
rs12779943,chr10:27312657,BMI,Coronary_heart_disease,T,C,0.0213,0.0032,0.009586,0.0148527,,
rs13240600,chr7:99064466,BMI,Coronary_heart_disease,G,A,0.0204,0.0024,-0.009578,0.0114591,0.964707803366576,0.887608271917728
rs12964689,chr18:21116998,BMI,Coronary_heart_disease,G,A,0.0203,0.0017,-0.005524,0.0091541,,
rs4889606,chr16:31011183,BMI,Coronary_heart_disease,G,A,0.0202,0.0017,-0.006668,0.0102697,,
rs895330,chr19:4060707,BMI,Coronary_heart_disease,G,C,0.0201,0.0023,-0.013971,0.0147745,,
rs455527,chr16:89644001,BMI,Coronary_heart_disease,C,T,0.0199,0.0035,-0.008105,0.0194857,,
rs10971712,chr9:33820938,BMI,Coronary_heart_disease,T,C,-0.0197,0.0027,-0.027287,0.0159759,0.914242699603893,0.823944171134354
rs4556997,chr2:100814858,BMI,Coronary_heart_disease,A,C,0.0197,0.0024,-0.00704,0.0136795,,
rs10460960,chr3:42308735,BMI,Coronary_heart_disease,A,G,0.0197,0.0025,0.00856,0.0133905,,
rs7811342,chr7:138794618,BMI,Coronary_heart_disease,C,T,0.0197,0.0029,0.01451,0.0127225,,
rs889398,chr16:69556715,BMI,Coronary_heart_disease,T,C,-0.0196,0.0016,-0.026764,0.0097081,,
rs12564992,chr1:174478100,BMI,Coronary_heart_disease,G,A,-0.0196,0.0026,0.00206,0.0135557,0.949515647303665,0.990215866075874
rs13174863,chr5:139080745,BMI,Coronary_heart_disease,G,A,-0.0192,0.0023,0.00976,0.0141455,,
rs6692586,chr1:23299906,BMI,Coronary_heart_disease,G,A,0.0192,0.0023,-0.008745,0.0113603,,
rs7871866,chr9:131027982,BMI,Coronary_heart_disease,C,G,0.0187,0.0024,0.022587,0.012817,,
rs16864515,chr1:171435542,BMI,Coronary_heart_disease,A,C,0.0186,0.0029,-0.008821,0.0164539,,
rs7551507,chr1:74995225,BMI,Coronary_heart_disease,T,C,-0.0184,0.0016,0.002007,0.0094419,,
rs11577094,chr1:38026600,BMI,Coronary_heart_disease,T,C,0.0182,0.003,0.055148,0.019226,,
rs3803286,chr14:103246470,BMI,Coronary_heart_disease,G,A,0.0181,0.0018,-0.021176,0.0097754,,
rs7947143,chr11:64090422,BMI,Coronary_heart_disease,A,G,-0.018,0.0024,0.00494,0.0136545,,
rs6985109,chr8:10761585,BMI,Coronary_heart_disease,A,G,-0.0177,0.0017,-0.012073,0.009846,,
rs28350,chr3:42418446,BMI,Coronary_heart_disease,G,A,0.0177,0.0022,-0.002479,0.0123999,,
rs2304130,chr19:19789528,BMI,Coronary_heart_disease,G,A,0.0176,0.003,-0.024928,0.0164506,0.962157422888626,0.952745041783226
rs6587552,chr1:151018861,BMI,Coronary_heart_disease,G,A,0.0173,0.002,-0.012782,0.0108324,0.92275123886362,0.992732056442546
rs2170382,chr8:74689288,BMI,Coronary_heart_disease,T,C,0.0172,0.0027,0.028065,0.0151644,,
rs7134628,chr12:53785861,BMI,Coronary_heart_disease,A,G,0.0172,0.0028,0.033606,0.0173207,0.948600648922335,0.949452203895951
rs998732,chr19:19378671,BMI,Coronary_heart_disease,G,A,0.0171,0.0022,-0.005296,0.0136067,0.945493517729402,0.92910864647887
rs427943,chr21:46570896,BMI,Coronary_heart_disease,C,A,-0.017,0.0017,0.022403,0.0094148,,
rs7630080,chr3:53520140,BMI,Coronary_heart_disease,G,A,0.0168,0.0031,0.021505,0.0195096,,
rs2293605,chr3:184044433,BMI,Coronary_heart_disease,T,C,-0.0167,0.0027,-0.020497,0.0151829,0.924218403906674,0.844647579026811
rs11710798,chr3:48570686,BMI,Coronary_heart_disease,C,A,0.0167,0.0028,-0.067483,0.0162268,0.940211232585741,0.922133917748305
rs8033995,chr15:44013509,BMI,Coronary_heart_disease,C,G,-0.0166,0.0029,0.006303,0.0139956,,
rs2282231,chr1:39569571,BMI,Coronary_heart_disease,T,C,0.0165,0.0021,0.018483,0.0119023,,
rs12150665,chr17:34914787,BMI,Coronary_heart_disease,C,T,0.0162,0.0017,-0.005122,0.009518,0.990304275543427,0.98591129343463
rs2010281,chr14:103862322,BMI,Coronary_heart_disease,A,G,-0.0161,0.0017,-0.025566,0.0097852,,
rs2481665,chr1:62594677,BMI,Coronary_heart_disease,C,T,0.0161,0.0016,-0.024662,0.0098927,,
rs1048932,chr11:115044850,BMI,Coronary_heart_disease,A,C,-0.016,0.0017,-0.002198,0.0093941,,
rs833831,chr12:49333248,BMI,Coronary_heart_disease,G,T,0.016,0.0027,-0.000321,0.014693,,
rs7557796,chr2:86766153,BMI,Coronary_heart_disease,C,T,0.016,0.0018,-0.024995,0.0099166,0.910101067568272,0.920627142974954
rs12022461,chr1:33232525,BMI,Coronary_heart_disease,A,G,-0.0159,0.0023,-0.025751,0.0116753,,
rs7083450,chr10:103984060,BMI,Coronary_heart_disease,T,C,0.0159,0.0023,0.018388,0.0128409,,
rs7102454,chr11:65594820,BMI,Coronary_heart_disease,C,T,-0.0158,0.0018,-0.000856,0.0103664,,
rs2246012,chr6:131898208,BMI,Coronary_heart_disease,C,T,-0.0158,0.0022,0.021509,0.0117839,,
rs6463489,chr7:5542513,BMI,Coronary_heart_disease,C,T,0.0157,0.0026,0.001197,0.016103,0.956507444890273,0.978431400934584
rs11866815,chr16:387867,BMI,Coronary_heart_disease,T,C,-0.0156,0.0019,0.014372,0.0108671,,
rs7652415,chr3:9505238,BMI,Coronary_heart_disease,T,C,0.0156,0.0026,-0.008265,0.0136502,,
rs2162524,chr2:230817437,BMI,Coronary_heart_disease,C,T,-0.0155,0.0018,-0.006485,0.0101697,,
rs1394,chr8:9511654,BMI,Coronary_heart_disease,A,G,-0.0154,0.0017,0.003691,0.0096244,,
rs1000940,chr17:5283252,BMI,Coronary_heart_disease,G,A,-0.0154,0.0018,-0.014538,0.0098395,0.987054530918556,0.829863612531872
rs12468863,chr2:26940294,BMI,Coronary_heart_disease,T,C,-0.0153,0.0016,-0.022952,0.0093387,,
rs7535528,chr1:2444414,BMI,Coronary_heart_disease,A,G,-0.0152,0.0018,-0.014083,0.0102371,,
rs10886017,chr10:118672531,BMI,Coronary_heart_disease,A,C,0.0152,0.0019,-0.003714,0.0103305,,
rs7189122,chr16:56471410,BMI,Coronary_heart_disease,C,T,-0.015,0.0023,0.007652,0.0114439,0.925766085825616,0.827909449593292
rs905938,chr1:154991389,BMI,Coronary_heart_disease,C,T,-0.0149,0.0019,-0.039387,0.0117003,0.956838336937747,0.99587869203005
rs4841659,chr8:11828200,BMI,Coronary_heart_disease,T,C,0.0149,0.0017,0.014341,0.0101165,0.949852290774597,0.989204082287887
rs1045411,chr13:31033232,BMI,Coronary_heart_disease,T,C,-0.0148,0.0019,-0.001051,0.0113255,,
rs11629783,chr15:66741387,BMI,Coronary_heart_disease,G,C,0.0146,0.002,0.012699,0.0110876,,
rs6901756,chr6:41825590,BMI,Coronary_heart_disease,C,T,0.0146,0.0025,-0.021851,0.016305,,
rs12120851,chr1:115262845,BMI,Coronary_heart_disease,C,T,-0.0144275,0.00240443,0.018155,0.0120696,,
rs3813680,chr6:24848086,BMI,Coronary_heart_disease,G,A,0.0144,0.0024,-0.014531,0.0134438,,
rs3957285,chr19:1891992,BMI,Coronary_heart_disease,A,G,0.0144,0.0018,0.015121,0.010463,0.818908762801262,0.8957569779525
rs12044597,chr1:1708801,BMI,Coronary_heart_disease,G,A,-0.0143,0.0016,-0.013461,0.009493,0.994972764091947,0.993637894701309
rs17757975,chr6:38214150,BMI,Coronary_heart_disease,C,T,0.0143,0.0024,-0.037421,0.0147082,,
rs6512302,chr20:62691550,BMI,Coronary_heart_disease,C,G,0.0142,0.002,-0.008292,0.0117666,,
rs4012234,chr20:32553047,BMI,Coronary_heart_disease,G,T,-0.0141,0.0018,0.003867,0.0095875,,
rs10878946,chr12:69642315,BMI,Coronary_heart_disease,T,C,-0.0141,0.0019,-0.01097,0.0102794,,
rs2710323,chr3:52815905,BMI,Coronary_heart_disease,C,T,-0.0141,0.0016,0.006503,0.0093376,0.993713342817642,0.966850616997034
rs12595749,chr15:79432359,BMI,Coronary_heart_disease,G,A,0.0141,0.0017,0.0037,0.00943,,
rs1452075,chr3:62481063,BMI,Coronary_heart_disease,T,C,0.0141,0.0018,0.001795,0.0101665,,
rs10838465,chr11:45426141,BMI,Coronary_heart_disease,C,A,0.014,0.0019,0.008701,0.0099318,,
rs10779751,chr1:11284336,BMI,Coronary_heart_disease,G,A,0.0139,0.0018,0.00881,0.0107759,,
rs4970712,chr1:92993547,BMI,Coronary_heart_disease,C,A,0.0139,0.002,-0.028285,0.0128355,0.914923099213268,0.817521668536919
rs4677812,chr3:194863794,BMI,Coronary_heart_disease,A,C,-0.0136,0.0019,-0.013249,0.0100785,,
rs6606686,chr12:110903380,BMI,Coronary_heart_disease,C,G,-0.0136,0.0018,0.010542,0.0106129,,
rs11538,chr22:18220831,BMI,Coronary_heart_disease,G,A,-0.0135,0.0023,0.001531,0.0136969,,
rs3977755,chr10:104420210,BMI,Coronary_heart_disease,T,C,-0.0135,0.0019,0.018568,0.0101448,0.964880685048043,0.862326563649616
rs738140,chr22:41884954,BMI,Coronary_heart_disease,G,A,0.0135,0.0019,-0.003746,0.010752,,
rs559231,chr18:39644247,BMI,Coronary_heart_disease,T,G,0.0135,0.0018,0.011722,0.0094202,0.809646253839045,0.876813301545459
rs8075273,chr17:61728881,BMI,Coronary_heart_disease,A,C,-0.0133,0.0018,-0.017811,0.0108204,,
rs6738445,chr2:172599615,BMI,Coronary_heart_disease,C,T,-0.0133,0.0018,-0.006938,0.0109334,0.905764929267011,0.988789968046985
rs7716275,chr5:137631073,BMI,Coronary_heart_disease,T,G,-0.0132,0.0021,-0.023412,0.0121098,,
rs7830160,chr8:81381871,BMI,Coronary_heart_disease,T,C,-0.0132,0.0019,-0.001941,0.0104402,,
rs1784460,chr11:118938371,BMI,Coronary_heart_disease,A,T,0.0132,0.0018,0.017895,0.0097211,,
rs223391,chr4:103748224,BMI,Coronary_heart_disease,A,G,-0.0131,0.0021,0.014891,0.0120327,,
rs2235564,chr1:6713114,BMI,Coronary_heart_disease,T,C,0.0131,0.0018,0.002693,0.0097504,,
rs4877313,chr9:88915566,BMI,Coronary_heart_disease,T,A,0.0129,0.0021,-0.00744,0.0106184,,
rs349088,chr11:84814393,BMI,Coronary_heart_disease,A,C,-0.0128,0.0017,-0.002241,0.0093333,,
rs4077093,chr12:51593616,BMI,Coronary_heart_disease,G,T,0.0128,0.0022,-0.018053,0.0120327,,
rs450231,chr9:101481205,BMI,Coronary_heart_disease,A,G,-0.0127,0.002,-0.015193,0.0104272,,
rs6569648,chr6:130349119,BMI,Coronary_heart_disease,T,C,-0.0126,0.0019,0.019015,0.0116992,,
rs7963783,chr12:118409363,BMI,Coronary_heart_disease,G,T,0.0126,0.0019,-0.01032,0.0108106,,
rs10832778,chr11:17394073,BMI,Coronary_heart_disease,G,C,-0.0125,0.0017,-0.012474,0.0094376,,
rs3134353,chr8:101947453,BMI,Coronary_heart_disease,T,A,-0.0125,0.0018,0.000436,0.009644,,
rs4704513,chr5:77787889,BMI,Coronary_heart_disease,G,C,-0.0125,0.0022,-0.004983,0.0134622,,
rs1465900,chr11:76473138,BMI,Coronary_heart_disease,C,A,0.0125,0.002,-0.008662,0.0112734,,
rs7133378,chr12:124409502,BMI,Coronary_heart_disease,A,G,0.0125,0.0018,-0.028435,0.0103294,0.958423603602258,0.968128465055072
rs4796243,chr17:35057883,BMI,Coronary_heart_disease,G,A,-0.0124,0.0019,0.001541,0.0102393,0.990358690227808,0.985998328603583
rs11635675,chr15:63793238,BMI,Coronary_heart_disease,G,T,0.0124,0.0018,-0.011665,0.0101719,,
rs263041,chr3:183522231,BMI,Coronary_heart_disease,G,A,0.0124,0.0018,0.011613,0.009896,,
rs17446091,chr8:27167942,BMI,Coronary_heart_disease,C,T,-0.0123,0.002,0.007799,0.0118524,,
rs7220138,chr17:42254011,BMI,Coronary_heart_disease,G,C,-0.0123,0.0019,-0.012404,0.0100481,,
rs10824218,chr10:76421216,BMI,Coronary_heart_disease,T,A,0.0122,0.0018,-0.013095,0.0099623,,
rs4653017,chr1:33776728,BMI,Coronary_heart_disease,T,C,0.0122,0.0018,0.002586,0.0099872,,
rs1075901,chr17:15943910,BMI,Coronary_heart_disease,C,T,-0.0121,0.0016,0.006822,0.0093789,,
rs7334078,chr13:99120484,BMI,Coronary_heart_disease,C,T,0.0121,0.0019,0.002441,0.0104141,0.950631993048837,0.824398652327078
rs9299,chr17:46669430,BMI,Coronary_heart_disease,T,C,0.0121,0.0018,-0.002627,0.0096103,,
rs11066188,chr12:112610714,BMI,Coronary_heart_disease,A,G,-0.012,0.0017,0.063162,0.0108943,,
rs1263618,chr2:207956108,BMI,Coronary_heart_disease,C,T,-0.012,0.0017,0.026993,0.0100035,,
rs2842385,chr6:19078274,BMI,Coronary_heart_disease,G,A,-0.012,0.0022,-0.008147,0.0116253,,
rs2367112,chr5:64168193,BMI,Coronary_heart_disease,G,T,0.0119,0.0016,-0.018275,0.0094973,,
rs7607351,chr2:69562127,BMI,Coronary_heart_disease,C,T,0.0119,0.0017,-0.021706,0.0097102,,
rs10923724,chr1:119546842,BMI,Coronary_heart_disease,T,C,-0.0118,0.0016,-0.003984,0.0092746,,
rs2425847,chr20:44907927,BMI,Coronary_heart_disease,G,A,-0.0118,0.0018,0.003839,0.0096049,,
rs460799,chr5:66191971,BMI,Coronary_heart_disease,G,A,-0.0118,0.0019,-0.00224,0.0102708,,
rs936227,chr15:75131959,BMI,Coronary_heart_disease,G,A,-0.0118,0.0017,-0.003416,0.0093844,,
rs1730859,chr1:107617707,BMI,Coronary_heart_disease,A,G,-0.0118,0.0017,-0.007686,0.0099362,0.98768739757477,0.830513854304543
rs12905439,chr15:99521883,BMI,Coronary_heart_disease,G,C,0.0118,0.0018,-0.01776,0.0112962,,
rs1038088,chr17:28074563,BMI,Coronary_heart_disease,G,T,-0.0117,0.0016,0.022113,0.0092888,,
rs217433,chr7:44553496,BMI,Coronary_heart_disease,C,T,-0.0117,0.0021,0.018319,0.0121544,,
rs7172627,chr15:31877690,BMI,Coronary_heart_disease,G,A,-0.0117,0.0017,0.001935,0.0094463,,
rs1899689,chr7:121964349,BMI,Coronary_heart_disease,T,C,0.0117,0.0016,-0.003646,0.0093257,,
rs7607369,chr2:219279097,BMI,Coronary_heart_disease,G,A,0.0117,0.0016,0.003428,0.0098232,,
rs6764533,chr3:196088464,BMI,Coronary_heart_disease,A,G,0.0116,0.0018,0.012193,0.0100926,,
rs1830074,chr7:6718674,BMI,Coronary_heart_disease,C,T,-0.0115,0.0019,0.000671,0.0103653,,
rs2837398,chr21:41427168,BMI,Coronary_heart_disease,C,A,-0.0114,0.0018,-0.00209,0.0093876,,
rs17685,chr7:75616105,BMI,Coronary_heart_disease,A,G,0.0114,0.002,0.000927,0.0100915,,
rs10768994,chr11:43936945,BMI,Coronary_heart_disease,C,T,0.0114,0.0017,-0.005892,0.0093887,,
rs13209968,chr6:126089285,BMI,Coronary_heart_disease,C,G,0.0114,0.0017,-0.000107,0.0092746,0.96418652379931,0.800997756858592
rs761423,chr1:17301672,BMI,Coronary_heart_disease,C,T,0.0113,0.0017,-0.019356,0.0094224,,
rs7540681,chr1:16832446,BMI,Coronary_heart_disease,C,T,-0.0112038,0.001997,-0.004158,0.0111289,0.986763149265289,0.948220047632262
rs12628891,chr22:38317137,BMI,Coronary_heart_disease,T,C,-0.0112,0.0019,-0.008061,0.0106531,,
rs2238373,chr16:2081503,BMI,Coronary_heart_disease,G,A,0.0112,0.0019,-0.013599,0.0126801,,
rs823074,chr1:205774839,BMI,Coronary_heart_disease,C,T,0.0112,0.0017,-0.017812,0.0102273,,
rs11670142,chr19:49650471,BMI,Coronary_heart_disease,G,T,-0.0111,0.0018,0.0064,0.0095473,,
rs1048303,chr7:100804140,BMI,Coronary_heart_disease,T,C,-0.0111,0.0018,0.007134,0.0093474,,
rs7209235,chr17:73759552,BMI,Coronary_heart_disease,A,G,-0.0111,0.0019,0.032125,0.0110974,,
rs2074613,chr5:139714564,BMI,Coronary_heart_disease,T,C,0.0111,0.0017,0.003315,0.0093529,,
rs1117080,chr20:43428323,BMI,Coronary_heart_disease,G,C,0.011,0.0019,-0.006538,0.0101904,0.913395552580631,0.831551950587571
rs12597712,chr16:54152620,BMI,Coronary_heart_disease,C,G,-0.0109,0.0017,-0.004158,0.0093051,,
rs9394312,chr6:35672330,BMI,Coronary_heart_disease,C,G,0.0109,0.0017,0.015826,0.0092562,0.992941135504817,0.819095180388421
rs7031064,chr9:14455076,BMI,Coronary_heart_disease,G,A,0.0108,0.0017,-0.016445,0.009241,,
rs17695092,chr5:173337853,BMI,Coronary_heart_disease,G,T,0.0106,0.0018,-0.008712,0.01084,0.934792777512443,0.907524571783491
rs13072731,chr3:38533335,BMI,Coronary_heart_disease,C,A,-0.0105,0.0018,0.01126,0.0093257,,
rs12545740,chr8:33455300,BMI,Coronary_heart_disease,C,A,0.0105,0.0018,-0.003435,0.0094637,,
rs6777784,chr3:62376645,BMI,Coronary_heart_disease,T,G,0.0105,0.0018,0.000509,0.0097711,,
rs676749,chr20:3026069,BMI,Coronary_heart_disease,A,T,-0.0104,0.0017,0.003014,0.0096907,0.833875046738688,0.811989252023073
rs1468069,chr10:98988759,BMI,Coronary_heart_disease,C,A,0.0104,0.0018,0.000396,0.0095147,,
rs12759296,chr1:15881237,BMI,Coronary_heart_disease,G,T,0.0104,0.0018,-0.010564,0.010135,,
rs1884389,chr20:1410582,BMI,Coronary_heart_disease,T,C,-0.0103,0.0017,-0.016383,0.0093257,,
rs2425024,chr20:33844938,BMI,Coronary_heart_disease,C,A,-0.0103,0.0018,0.023656,0.0096429,,
rs4865796,chr5:53272664,BMI,Coronary_heart_disease,A,G,-0.0103,0.0018,0.011674,0.0104304,,
rs138289,chr22:32182708,BMI,Coronary_heart_disease,T,A,0.0103,0.0017,0.010182,0.0096505,,
rs175165,chr22:20116015,BMI,Coronary_heart_disease,G,T,0.0103,0.0018,-0.006198,0.0096516,,
rs472611,chr11:119824102,BMI,Coronary_heart_disease,G,A,-0.0101,0.0018,0.00569,0.009997,,
rs4132228,chr3:64708114,BMI,Coronary_heart_disease,T,C,0.0101,0.0018,0.000753,0.0097928,,
rs719802,chr11:113234679,BMI,Coronary_heart_disease,C,T,0.0101,0.0018,-0.008935,0.0094235,,
rs9921416,chr16:54244754,BMI,Coronary_heart_disease,T,C,-0.01,0.0018,0.014094,0.0093279,,
rs4985557,chr16:70704974,BMI,Coronary_heart_disease,C,T,-0.01,0.0018,-0.004704,0.0097189,0.999999999797524,0.984032481120675
rs329277,chr7:35080931,BMI,Coronary_heart_disease,G,T,-0.0099,0.0017,-0.02394,0.0093768,,
rs2052883,chr5:108732690,BMI,Coronary_heart_disease,A,G,0.0098,0.0017,0.011274,0.0096798,,
rs4148866,chr12:123425575,BMI,Coronary_heart_disease,T,C,0.0098,0.0018,-0.002819,0.0100035,,
rs1704190,chr2:200760629,BMI,Coronary_heart_disease,A,G,0.0098,0.0018,0.013832,0.0101274,0.928247908993754,0.874458903870613
rs591088,chr1:42438196,BMI,Coronary_heart_disease,T,C,-0.0097,0.0017,-0.003709,0.0092029,,
rs9965170,chr18:44788274,BMI,Coronary_heart_disease,A,G,-0.0097,0.0017,-0.026737,0.0093865,,
rs881301,chr8:38332318,BMI,Coronary_heart_disease,C,T,-0.0097,0.0017,0.010091,0.0092964,0.968248962877149,0.915843761101367
rs3844598,chr5:140992235,BMI,Coronary_heart_disease,G,A,-0.0095,0.0017,0.022935,0.0092942,0.984897818323896,0.946617959648521
rs2280039,chr2:220363488,BMI,Coronary_heart_disease,G,A,0.0095,0.0017,-0.008985,0.0099318,,
rs7200919,chr16:67316600,BMI,Coronary_heart_disease,A,G,0.0095,0.0017,-0.000845,0.0098319,,
rs3807875,chr7:122052524,BMI,Coronary_heart_disease,G,A,-0.0094,0.0017,0.002506,0.0094191,,
rs10144318,chr14:53189731,BMI,Coronary_heart_disease,C,A,0.0092,0.0016,0.003233,0.0091953,,
rs208015,chr17:46252346,BMI,Atrial_fibrillation,C,T,0.0356,0.0034,-0.0169,0.0129,,
rs6050446,chr20:25195509,BMI,Atrial_fibrillation,G,A,-0.0343,0.0047,0.0157,0.0205,,
rs1993709,chr1:72838529,BMI,Atrial_fibrillation,G,A,-0.0331,0.0021,0.0171,0.0085,,
rs17391694,chr1:78623626,BMI,Atrial_fibrillation,T,C,0.0317,0.0025,0.0236,0.0101,,
rs9821675,chr3:49902544,BMI,Atrial_fibrillation,G,A,-0.0293415,0.00196279,-0.0031,0.0067,0.899725921185352,0.93234787679107
rs3810291,chr19:47569003,BMI,Atrial_fibrillation,A,G,0.0274,0.0018,0.0016,0.0073,,
rs12411886,chr10:104685299,BMI,Atrial_fibrillation,A,C,0.0271,0.003,0.0346,0.0118,0.943736659286822,0.83889217492247
rs3888190,chr16:28889486,BMI,Atrial_fibrillation,A,C,0.0271,0.0017,0.0153,0.0068,0.942901918812634,0.838099941951199
rs16882001,chr6:90322237,BMI,Atrial_fibrillation,G,A,-0.0269,0.004,0.0261,0.0148,,
rs7124681,chr11:47529947,BMI,Atrial_fibrillation,A,C,0.0263,0.0016,-0.0005,0.0068,0.844636059881338,0.968825097873331
rs3814883,chr16:29994922,BMI,Atrial_fibrillation,T,C,0.0232,0.0017,0.0151,0.0068,,
rs17207196,chr7:75101065,BMI,Atrial_fibrillation,T,C,-0.0221,0.0018,-0.0248,0.0071,0.996234090009094,0.955795534799037
rs3731544,chr3:48207997,BMI,Atrial_fibrillation,A,C,0.0214,0.0031,-0.0155,0.0133,,
rs12779943,chr10:27312657,BMI,Atrial_fibrillation,T,C,0.0213,0.0032,0.0162,0.0125,,
rs13240600,chr7:99064466,BMI,Atrial_fibrillation,G,A,0.0204,0.0024,0.0113,0.0091,0.964707803366576,0.887608271917728
rs12964689,chr18:21116998,BMI,Atrial_fibrillation,G,A,0.0203,0.0017,-0.0206,0.0066,,
rs4889606,chr16:31011183,BMI,Atrial_fibrillation,G,A,0.0202,0.0017,-0.0204,0.007,,
rs895330,chr19:4060707,BMI,Atrial_fibrillation,G,C,0.0201,0.0023,-0.0071,0.0088,,
rs455527,chr16:89644001,BMI,Atrial_fibrillation,C,T,0.0199,0.0035,0.0214,0.0142,,
rs10971712,chr9:33820938,BMI,Atrial_fibrillation,T,C,-0.0197,0.0027,0.0233,0.0101,0.914242699603893,0.823944171134354
rs4556997,chr2:100814858,BMI,Atrial_fibrillation,A,C,0.0197,0.0024,-0.0015,0.0096,,
rs10460960,chr3:42308735,BMI,Atrial_fibrillation,A,G,0.0197,0.0025,-0.0178,0.0101,,
rs7811342,chr7:138794618,BMI,Atrial_fibrillation,C,T,0.0197,0.0029,-0.0076,0.0109,,
rs889398,chr16:69556715,BMI,Atrial_fibrillation,T,C,-0.0196,0.0016,-0.0062,0.0068,,
rs12564992,chr1:174478100,BMI,Atrial_fibrillation,G,A,-0.0196,0.0026,0.005,0.0106,0.949515647303665,0.990215866075874
rs13174863,chr5:139080745,BMI,Atrial_fibrillation,G,A,-0.0192,0.0023,-0.0009,0.0095,,
rs6692586,chr1:23299906,BMI,Atrial_fibrillation,G,A,0.0192,0.0023,0.006,0.009,,
rs7871866,chr9:131027982,BMI,Atrial_fibrillation,C,G,0.0187,0.0024,0.0196,0.0093,,
rs16864515,chr1:171435542,BMI,Atrial_fibrillation,A,C,0.0186,0.0029,0.0201,0.0111,,
rs7551507,chr1:74995225,BMI,Atrial_fibrillation,T,C,-0.0184,0.0016,-0.0025,0.0067,,
rs11577094,chr1:38026600,BMI,Atrial_fibrillation,T,C,0.0182,0.003,-0.0014,0.0122,,
rs3803286,chr14:103246470,BMI,Atrial_fibrillation,G,A,0.0181,0.0018,-0.0002,0.007,,
rs7947143,chr11:64090422,BMI,Atrial_fibrillation,A,G,-0.018,0.0024,-0.0022,0.0092,,
rs6985109,chr8:10761585,BMI,Atrial_fibrillation,A,G,-0.0177,0.0017,0.0068,0.0067,,
rs28350,chr3:42418446,BMI,Atrial_fibrillation,G,A,0.0177,0.0022,-0.0185,0.0086,,
rs2304130,chr19:19789528,BMI,Atrial_fibrillation,G,A,0.0176,0.003,-0.0045,0.0121,0.962157422888626,0.952745041783226
rs6587552,chr1:151018861,BMI,Atrial_fibrillation,G,A,0.0173,0.002,0.0056,0.0077,0.92275123886362,0.992732056442546
rs2170382,chr8:74689288,BMI,Atrial_fibrillation,T,C,0.0172,0.0027,0.0183,0.0106,,
rs7134628,chr12:53785861,BMI,Atrial_fibrillation,A,G,0.0172,0.0028,0.0165,0.011,0.948600648922335,0.949452203895951
rs998732,chr19:19378671,BMI,Atrial_fibrillation,G,A,0.0171,0.0022,0.005,0.0092,0.945493517729402,0.92910864647887
rs427943,chr21:46570896,BMI,Atrial_fibrillation,C,A,-0.017,0.0017,0.0066,0.0068,,
rs7630080,chr3:53520140,BMI,Atrial_fibrillation,G,A,0.0168,0.0031,0.01,0.0132,,
rs2293605,chr3:184044433,BMI,Atrial_fibrillation,T,C,-0.0167,0.0027,-0.0273,0.0104,0.924218403906674,0.844647579026811
rs11710798,chr3:48570686,BMI,Atrial_fibrillation,C,A,0.0167,0.0028,-0.0096,0.0112,0.940211232585741,0.922133917748305
rs8033995,chr15:44013509,BMI,Atrial_fibrillation,C,G,-0.0166,0.0029,-0.0211,0.0112,,
rs2282231,chr1:39569571,BMI,Atrial_fibrillation,T,C,0.0165,0.0021,0.0118,0.0081,,
rs12150665,chr17:34914787,BMI,Atrial_fibrillation,C,T,0.0162,0.0017,0.0022,0.0067,0.990304275543427,0.98591129343463
rs2010281,chr14:103862322,BMI,Atrial_fibrillation,A,G,-0.0161,0.0017,-0.0175,0.007,,
rs2481665,chr1:62594677,BMI,Atrial_fibrillation,C,T,0.0161,0.0016,-0.0083,0.0067,,
rs1048932,chr11:115044850,BMI,Atrial_fibrillation,A,C,-0.016,0.0017,-0.0045,0.0067,,
rs833831,chr12:49333248,BMI,Atrial_fibrillation,G,T,0.016,0.0027,0.0062,0.0104,,
rs7557796,chr2:86766153,BMI,Atrial_fibrillation,C,T,0.016,0.0018,-0.0213,0.0069,0.910101067568272,0.920627142974954
rs12022461,chr1:33232525,BMI,Atrial_fibrillation,A,G,-0.0159,0.0023,0.0123,0.0089,,
rs7083450,chr10:103984060,BMI,Atrial_fibrillation,T,C,0.0159,0.0023,-0.0457,0.0089,,
rs7102454,chr11:65594820,BMI,Atrial_fibrillation,C,T,-0.0158,0.0018,-0.0037,0.007,,
rs2246012,chr6:131898208,BMI,Atrial_fibrillation,C,T,-0.0158,0.0022,0.0132,0.0087,,
rs6463489,chr7:5542513,BMI,Atrial_fibrillation,C,T,0.0157,0.0026,-0.0116,0.0107,0.956507444890273,0.978431400934584
rs11866815,chr16:387867,BMI,Atrial_fibrillation,T,C,-0.0156,0.0019,0.0028,0.0078,,
rs7652415,chr3:9505238,BMI,Atrial_fibrillation,T,C,0.0156,0.0026,0.0074,0.0098,,
rs2162524,chr2:230817437,BMI,Atrial_fibrillation,C,T,-0.0155,0.0018,0.0105,0.0071,,
rs1394,chr8:9511654,BMI,Atrial_fibrillation,A,G,-0.0154,0.0017,0.0054,0.007,,
rs1000940,chr17:5283252,BMI,Atrial_fibrillation,G,A,-0.0154,0.0018,0.0107,0.0071,0.987054530918556,0.829863612531872
rs12468863,chr2:26940294,BMI,Atrial_fibrillation,T,C,-0.0153,0.0016,0.01,0.0067,,
rs7535528,chr1:2444414,BMI,Atrial_fibrillation,A,G,-0.0152,0.0018,-0.0025,0.007,,
rs10886017,chr10:118672531,BMI,Atrial_fibrillation,A,C,0.0152,0.0019,0.0126,0.0076,,
rs7189122,chr16:56471410,BMI,Atrial_fibrillation,C,T,-0.015,0.0023,0.0125,0.0088,0.925766085825616,0.827909449593292
rs905938,chr1:154991389,BMI,Atrial_fibrillation,C,T,-0.0149,0.0019,0.0432,0.0076,0.956838336937747,0.99587869203005
rs4841659,chr8:11828200,BMI,Atrial_fibrillation,T,C,0.0149,0.0017,-0.0216,0.0068,0.949852290774597,0.989204082287887
rs1045411,chr13:31033232,BMI,Atrial_fibrillation,T,C,-0.0148,0.0019,0.0001,0.0076,,
rs11629783,chr15:66741387,BMI,Atrial_fibrillation,G,C,0.0146,0.002,0.0151,0.008,,
rs6901756,chr6:41825590,BMI,Atrial_fibrillation,C,T,0.0146,0.0025,0.0029,0.0102,,
rs12120851,chr1:115262845,BMI,Atrial_fibrillation,C,T,-0.0144275,0.00240443,-0.0092,0.0082,,
rs3813680,chr6:24848086,BMI,Atrial_fibrillation,G,A,0.0144,0.0024,-0.0087,0.0092,,
rs3957285,chr19:1891992,BMI,Atrial_fibrillation,A,G,0.0144,0.0018,0.0096,0.007,0.818908762801262,0.8957569779525
rs12044597,chr1:1708801,BMI,Atrial_fibrillation,G,A,-0.0143,0.0016,-0.0096,0.0067,0.994972764091947,0.993637894701309
rs17757975,chr6:38214150,BMI,Atrial_fibrillation,C,T,0.0143,0.0024,0.0282,0.0097,,
rs6512302,chr20:62691550,BMI,Atrial_fibrillation,C,G,0.0142,0.002,0.011,0.0085,,
rs4012234,chr20:32553047,BMI,Atrial_fibrillation,G,T,-0.0141,0.0018,-0.0044,0.0068,,
rs10878946,chr12:69642315,BMI,Atrial_fibrillation,T,C,-0.0141,0.0019,-0.0014,0.0075,,
rs2710323,chr3:52815905,BMI,Atrial_fibrillation,C,T,-0.0141,0.0016,0.0138,0.0066,0.993713342817642,0.966850616997034
rs12595749,chr15:79432359,BMI,Atrial_fibrillation,G,A,0.0141,0.0017,-0.0064,0.0067,,
rs1452075,chr3:62481063,BMI,Atrial_fibrillation,T,C,0.0141,0.0018,-0.0018,0.0075,,
rs10838465,chr11:45426141,BMI,Atrial_fibrillation,C,A,0.014,0.0019,-0.0122,0.0073,,
rs10779751,chr1:11284336,BMI,Atrial_fibrillation,G,A,0.0139,0.0018,-0.0085,0.0074,,
rs4970712,chr1:92993547,BMI,Atrial_fibrillation,C,A,0.0139,0.002,-0.0104,0.0082,0.914923099213268,0.817521668536919
rs4677812,chr3:194863794,BMI,Atrial_fibrillation,A,C,-0.0136,0.0019,0.0161,0.0074,,
rs6606686,chr12:110903380,BMI,Atrial_fibrillation,C,G,-0.0136,0.0018,0.0172,0.0072,,
rs11538,chr22:18220831,BMI,Atrial_fibrillation,G,A,-0.0135,0.0023,0.0084,0.0088,,
rs3977755,chr10:104420210,BMI,Atrial_fibrillation,T,C,-0.0135,0.0019,-0.0015,0.0075,0.964880685048043,0.862326563649616
rs738140,chr22:41884954,BMI,Atrial_fibrillation,G,A,0.0135,0.0019,-0.035,0.0073,,
rs559231,chr18:39644247,BMI,Atrial_fibrillation,T,G,0.0135,0.0018,-0.0017,0.0068,0.809646253839045,0.876813301545459
rs8075273,chr17:61728881,BMI,Atrial_fibrillation,A,C,-0.0133,0.0018,0.0178,0.0074,,
rs6738445,chr2:172599615,BMI,Atrial_fibrillation,C,T,-0.0133,0.0018,0.016,0.0073,0.905764929267011,0.988789968046985
rs7716275,chr5:137631073,BMI,Atrial_fibrillation,T,G,-0.0132,0.0021,-0.047,0.0085,,
rs7830160,chr8:81381871,BMI,Atrial_fibrillation,T,C,-0.0132,0.0019,-0.0204,0.0079,,
rs1784460,chr11:118938371,BMI,Atrial_fibrillation,A,T,0.0132,0.0018,0.0214,0.0068,,
rs223391,chr4:103748224,BMI,Atrial_fibrillation,A,G,-0.0131,0.0021,0.0357,0.0083,,
rs2235564,chr1:6713114,BMI,Atrial_fibrillation,T,C,0.0131,0.0018,-0.023,0.007,,
rs4877313,chr9:88915566,BMI,Atrial_fibrillation,T,A,0.0129,0.0021,-0.0166,0.008,,
rs349088,chr11:84814393,BMI,Atrial_fibrillation,A,C,-0.0128,0.0017,0.0001,0.0066,,
rs4077093,chr12:51593616,BMI,Atrial_fibrillation,G,T,0.0128,0.0022,-0.0019,0.0083,,
rs450231,chr9:101481205,BMI,Atrial_fibrillation,A,G,-0.0127,0.002,0.0059,0.0076,,
rs6569648,chr6:130349119,BMI,Atrial_fibrillation,T,C,-0.0126,0.0019,-0.0229,0.0078,,
rs7963783,chr12:118409363,BMI,Atrial_fibrillation,G,T,0.0126,0.0019,0.0008,0.0074,,
rs10832778,chr11:17394073,BMI,Atrial_fibrillation,G,C,-0.0125,0.0017,0.0044,0.0068,,
rs3134353,chr8:101947453,BMI,Atrial_fibrillation,T,A,-0.0125,0.0018,-0.0121,0.0068,,
rs4704513,chr5:77787889,BMI,Atrial_fibrillation,G,C,-0.0125,0.0022,-0.001,0.0085,,
rs1465900,chr11:76473138,BMI,Atrial_fibrillation,C,A,0.0125,0.002,-0.0153,0.008,,
rs7133378,chr12:124409502,BMI,Atrial_fibrillation,A,G,0.0125,0.0018,-0.0341,0.0071,0.958423603602258,0.968128465055072
rs11635675,chr15:63793238,BMI,Atrial_fibrillation,G,T,0.0124,0.0018,0.0168,0.007,,
rs263041,chr3:183522231,BMI,Atrial_fibrillation,G,A,0.0124,0.0018,0.0016,0.0069,,
rs17446091,chr8:27167942,BMI,Atrial_fibrillation,C,T,-0.0123,0.002,-0.0007,0.0082,,
rs7220138,chr17:42254011,BMI,Atrial_fibrillation,G,C,-0.0123,0.0019,0.0127,0.0072,,
rs10824218,chr10:76421216,BMI,Atrial_fibrillation,T,A,0.0122,0.0018,-0.0125,0.0067,,
rs4653017,chr1:33776728,BMI,Atrial_fibrillation,T,C,0.0122,0.0018,0.0051,0.0072,,
rs1075901,chr17:15943910,BMI,Atrial_fibrillation,C,T,-0.0121,0.0016,0.0138,0.0067,,
rs7334078,chr13:99120484,BMI,Atrial_fibrillation,C,T,0.0121,0.0019,-0.0073,0.0074,0.950631993048837,0.824398652327078
rs9299,chr17:46669430,BMI,Atrial_fibrillation,T,C,0.0121,0.0018,0.005,0.0069,,
rs11066188,chr12:112610714,BMI,Atrial_fibrillation,A,G,-0.012,0.0017,0.0082,0.007,,
rs1263618,chr2:207956108,BMI,Atrial_fibrillation,C,T,-0.012,0.0017,0.0055,0.0071,,
rs2842385,chr6:19078274,BMI,Atrial_fibrillation,G,A,-0.012,0.0022,0.0045,0.0084,,
rs2367112,chr5:64168193,BMI,Atrial_fibrillation,G,T,0.0119,0.0016,-0.003,0.0066,,
rs7607351,chr2:69562127,BMI,Atrial_fibrillation,C,T,0.0119,0.0017,-0.0105,0.0068,,
rs10923724,chr1:119546842,BMI,Atrial_fibrillation,T,C,-0.0118,0.0016,-0.0055,0.0067,,
rs2425847,chr20:44907927,BMI,Atrial_fibrillation,G,A,-0.0118,0.0018,0.0025,0.0068,,
rs460799,chr5:66191971,BMI,Atrial_fibrillation,G,A,-0.0118,0.0019,0.0059,0.0074,,
rs936227,chr15:75131959,BMI,Atrial_fibrillation,G,A,-0.0118,0.0017,0.0093,0.0068,,
rs1730859,chr1:107617707,BMI,Atrial_fibrillation,A,G,-0.0118,0.0017,0.001,0.0071,0.98768739757477,0.830513854304543
rs12905439,chr15:99521883,BMI,Atrial_fibrillation,G,C,0.0118,0.0018,-0.0022,0.0072,,
rs1038088,chr17:28074563,BMI,Atrial_fibrillation,G,T,-0.0117,0.0016,0.0128,0.0067,,
rs217433,chr7:44553496,BMI,Atrial_fibrillation,C,T,-0.0117,0.0021,0.0137,0.0081,,
rs7172627,chr15:31877690,BMI,Atrial_fibrillation,G,A,-0.0117,0.0017,-0.001,0.0067,,
rs1899689,chr7:121964349,BMI,Atrial_fibrillation,T,C,0.0117,0.0016,0.0321,0.0067,,
rs7607369,chr2:219279097,BMI,Atrial_fibrillation,G,A,0.0117,0.0016,0.0016,0.0068,,
rs6764533,chr3:196088464,BMI,Atrial_fibrillation,A,G,0.0116,0.0018,0.0041,0.0069,,
rs1830074,chr7:6718674,BMI,Atrial_fibrillation,C,T,-0.0115,0.0019,-0.0008,0.0074,,
rs2837398,chr21:41427168,BMI,Atrial_fibrillation,C,A,-0.0114,0.0018,0.0074,0.0068,,
rs17685,chr7:75616105,BMI,Atrial_fibrillation,A,G,0.0114,0.002,-0.0018,0.0074,,
rs10768994,chr11:43936945,BMI,Atrial_fibrillation,C,T,0.0114,0.0017,0.0017,0.0067,,
rs13209968,chr6:126089285,BMI,Atrial_fibrillation,C,G,0.0114,0.0017,0.0191,0.0066,0.96418652379931,0.800997756858592
rs761423,chr1:17301672,BMI,Atrial_fibrillation,C,T,0.0113,0.0017,0.0043,0.0066,,
rs7540681,chr1:16832446,BMI,Atrial_fibrillation,C,T,-0.0112038,0.001997,0.0109,0.0116,0.986763149265289,0.948220047632262
rs12628891,chr22:38317137,BMI,Atrial_fibrillation,T,C,-0.0112,0.0019,0.0068,0.0073,,
rs2238373,chr16:2081503,BMI,Atrial_fibrillation,G,A,0.0112,0.0019,-0.0027,0.0074,,
rs823074,chr1:205774839,BMI,Atrial_fibrillation,C,T,0.0112,0.0017,-0.0215,0.0068,,
rs11670142,chr19:49650471,BMI,Atrial_fibrillation,G,T,-0.0111,0.0018,0.0029,0.0068,,
rs1048303,chr7:100804140,BMI,Atrial_fibrillation,T,C,-0.0111,0.0018,0.0003,0.0067,,
rs7209235,chr17:73759552,BMI,Atrial_fibrillation,A,G,-0.0111,0.0019,0.0102,0.0075,,
rs2074613,chr5:139714564,BMI,Atrial_fibrillation,T,C,0.0111,0.0017,0.0037,0.0067,,
rs1117080,chr20:43428323,BMI,Atrial_fibrillation,G,C,0.011,0.0019,0.0062,0.0074,0.913395552580631,0.831551950587571
rs12597712,chr16:54152620,BMI,Atrial_fibrillation,C,G,-0.0109,0.0017,-0.0023,0.0067,,
rs9394312,chr6:35672330,BMI,Atrial_fibrillation,C,G,0.0109,0.0017,-0.0028,0.0067,0.992941135504817,0.819095180388421
rs7031064,chr9:14455076,BMI,Atrial_fibrillation,G,A,0.0108,0.0017,0.0019,0.0066,,
rs17695092,chr5:173337853,BMI,Atrial_fibrillation,G,T,0.0106,0.0018,-0.0476,0.0072,0.934792777512443,0.907524571783491
rs13072731,chr3:38533335,BMI,Atrial_fibrillation,C,A,-0.0105,0.0018,0.0062,0.0068,,
rs12545740,chr8:33455300,BMI,Atrial_fibrillation,C,A,0.0105,0.0018,0.0077,0.0068,,
rs6777784,chr3:62376645,BMI,Atrial_fibrillation,T,G,0.0105,0.0018,0.0008,0.007,,
rs676749,chr20:3026069,BMI,Atrial_fibrillation,A,T,-0.0104,0.0017,0.0009,0.0068,0.833875046738688,0.811989252023073
rs1468069,chr10:98988759,BMI,Atrial_fibrillation,C,A,0.0104,0.0018,0.0157,0.0069,,
rs12759296,chr1:15881237,BMI,Atrial_fibrillation,G,T,0.0104,0.0018,-0.0105,0.0072,,
rs1884389,chr20:1410582,BMI,Atrial_fibrillation,T,C,-0.0103,0.0017,-0.0043,0.0068,,
rs2425024,chr20:33844938,BMI,Atrial_fibrillation,C,A,-0.0103,0.0018,0.01,0.0071,,
rs4865796,chr5:53272664,BMI,Atrial_fibrillation,A,G,-0.0103,0.0018,-0.0099,0.0072,,
rs138289,chr22:32182708,BMI,Atrial_fibrillation,T,A,0.0103,0.0017,-0.0193,0.0068,,
rs175165,chr22:20116015,BMI,Atrial_fibrillation,G,T,0.0103,0.0018,-0.0147,0.0068,,
rs472611,chr11:119824102,BMI,Atrial_fibrillation,G,A,-0.0101,0.0018,0.0106,0.007,,
rs4132228,chr3:64708114,BMI,Atrial_fibrillation,T,C,0.0101,0.0018,-0.0099,0.0073,,
rs719802,chr11:113234679,BMI,Atrial_fibrillation,C,T,0.0101,0.0018,-0.0064,0.0068,,
rs9921416,chr16:54244754,BMI,Atrial_fibrillation,T,C,-0.01,0.0018,-0.0126,0.0067,,
rs4985557,chr16:70704974,BMI,Atrial_fibrillation,C,T,-0.01,0.0018,0.0056,0.0068,0.999999999797524,0.984032481120675
rs329277,chr7:35080931,BMI,Atrial_fibrillation,G,T,-0.0099,0.0017,0.0115,0.0067,,
rs2052883,chr5:108732690,BMI,Atrial_fibrillation,A,G,0.0098,0.0017,0.0162,0.0068,,
rs4148866,chr12:123425575,BMI,Atrial_fibrillation,T,C,0.0098,0.0018,-0.0055,0.007,,
rs1704190,chr2:200760629,BMI,Atrial_fibrillation,A,G,0.0098,0.0018,-0.0282,0.0069,0.928247908993754,0.874458903870613
rs591088,chr1:42438196,BMI,Atrial_fibrillation,T,C,-0.0097,0.0017,-0.0219,0.0066,,
rs9965170,chr18:44788274,BMI,Atrial_fibrillation,A,G,-0.0097,0.0017,0.0113,0.0067,,
rs881301,chr8:38332318,BMI,Atrial_fibrillation,C,T,-0.0097,0.0017,-0.0003,0.0067,0.968248962877149,0.915843761101367
rs3844598,chr5:140992235,BMI,Atrial_fibrillation,G,A,-0.0095,0.0017,-0.007,0.0066,0.984897818323896,0.946617959648521
rs2280039,chr2:220363488,BMI,Atrial_fibrillation,G,A,0.0095,0.0017,-0.0112,0.007,,
rs7200919,chr16:67316600,BMI,Atrial_fibrillation,A,G,0.0095,0.0017,0.019,0.0068,,
rs3807875,chr7:122052524,BMI,Atrial_fibrillation,G,A,-0.0094,0.0017,0.0044,0.0068,,
rs10144318,chr14:53189731,BMI,Atrial_fibrillation,C,A,0.0092,0.0016,-0.0251,0.0066,,
rs208015,chr17:46252346,BMI,Type_2_diabetes,C,T,0.0356,0.0034,0.0487902,0.0363317,,
rs6050446,chr20:25195509,BMI,Type_2_diabetes,G,A,-0.0343,0.0047,0.00995033,0.0529692,,
rs1993709,chr1:72838529,BMI,Type_2_diabetes,G,A,-0.0331,0.0021,0.0487902,0.0240841,,
rs17391694,chr1:78623626,BMI,Type_2_diabetes,T,C,0.0317,0.0025,-0.0295588,0.0297543,,
rs9821675,chr3:49902544,BMI,Type_2_diabetes,G,A,-0.0293415,0.00196279,0.0198026,0.0200183,0.899725921185352,0.93234787679107
rs3810291,chr19:47569003,BMI,Type_2_diabetes,A,G,0.0274,0.0018,-0.00995033,0.0202167,,
rs12411886,chr10:104685299,BMI,Type_2_diabetes,A,C,0.0271,0.003,0.00995033,0.0330444,0.943736659286822,0.83889217492247
rs3888190,chr16:28889486,BMI,Type_2_diabetes,A,C,0.0271,0.0017,0.00995033,0.0177755,0.942901918812634,0.838099941951199
rs16882001,chr6:90322237,BMI,Type_2_diabetes,G,A,-0.0269,0.004,-0.0392207,0.0415917,,
rs7124681,chr11:47529947,BMI,Type_2_diabetes,A,C,0.0263,0.0016,0.0392207,0.0170946,0.844636059881338,0.968825097873331
rs3814883,chr16:29994922,BMI,Type_2_diabetes,T,C,0.0232,0.0017,0.00995033,0.0176002,,
rs17207196,chr7:75101065,BMI,Type_2_diabetes,T,C,-0.0221,0.0018,0.0198026,0.0224136,0.996234090009094,0.955795534799037
rs3731544,chr3:48207997,BMI,Type_2_diabetes,A,C,0.0214,0.0031,0.0198026,0.0323979,,
rs12779943,chr10:27312657,BMI,Type_2_diabetes,T,C,0.0213,0.0032,-0.00995033,0.0327179,,
rs13240600,chr7:99064466,BMI,Type_2_diabetes,G,A,0.0204,0.0024,0.00995033,0.0276736,0.964707803366576,0.887608271917728
rs12964689,chr18:21116998,BMI,Type_2_diabetes,G,A,0.0203,0.0017,-0.0295588,0.0172599,,
rs4889606,chr16:31011183,BMI,Type_2_diabetes,G,A,0.0202,0.0017,0.00995033,0.015159,,
rs895330,chr19:4060707,BMI,Type_2_diabetes,G,C,0.0201,0.0023,0.0392207,0.032084,,
rs455527,chr16:89644001,BMI,Type_2_diabetes,C,T,0.0199,0.0035,-0.0392207,0.0366806,,
rs10971712,chr9:33820938,BMI,Type_2_diabetes,T,C,-0.0197,0.0027,-0.0582689,0.0266225,0.914242699603893,0.823944171134354
rs4556997,chr2:100814858,BMI,Type_2_diabetes,A,C,0.0197,0.0024,0.0582689,0.0240841,,
rs10460960,chr3:42308735,BMI,Type_2_diabetes,A,G,0.0197,0.0025,0.00995033,0.0252783,,
rs7811342,chr7:138794618,BMI,Type_2_diabetes,C,T,0.0197,0.0029,0.0198026,0.0300467,,
rs889398,chr16:69556715,BMI,Type_2_diabetes,T,C,-0.0196,0.0016,-0.0295588,0.0174284,,
rs12564992,chr1:174478100,BMI,Type_2_diabetes,G,A,-0.0196,0.0026,-0.0295588,0.0297543,0.949515647303665,0.990215866075874
rs13174863,chr5:139080745,BMI,Type_2_diabetes,G,A,-0.0192,0.0023,0.0295588,0.0247867,,
rs6692586,chr1:23299906,BMI,Type_2_diabetes,G,A,0.0192,0.0023,0.00995033,0.0226347,,
rs7871866,chr9:131027982,BMI,Type_2_diabetes,C,G,0.0187,0.0024,0.0,0.0306491,,
rs16864515,chr1:171435542,BMI,Type_2_diabetes,A,C,0.0186,0.0029,-0.0676586,0.0286396,,
rs7551507,chr1:74995225,BMI,Type_2_diabetes,T,C,-0.0184,0.0016,0.0,0.0177755,,
rs11577094,chr1:38026600,BMI,Type_2_diabetes,T,C,0.0182,0.003,0.0198026,0.0323979,,
rs3803286,chr14:103246470,BMI,Type_2_diabetes,G,A,0.0181,0.0018,-0.0487902,0.0170946,,
rs7947143,chr11:64090422,BMI,Type_2_diabetes,A,G,-0.018,0.0024,0.0392207,0.024548,,
rs6985109,chr8:10761585,BMI,Type_2_diabetes,A,G,-0.0177,0.0017,-0.0392207,0.0147215,,
rs28350,chr3:42418446,BMI,Type_2_diabetes,G,A,0.0177,0.0022,0.00995033,0.0202167,,
rs2304130,chr19:19789528,BMI,Type_2_diabetes,G,A,0.0176,0.003,0.0676586,0.0356536,0.962157422888626,0.952745041783226
rs6587552,chr1:151018861,BMI,Type_2_diabetes,G,A,0.0173,0.002,-0.0295588,0.0198237,0.92275123886362,0.992732056442546
rs2170382,chr8:74689288,BMI,Type_2_diabetes,T,C,0.0172,0.0027,0.0198026,0.0274031,,
rs7134628,chr12:53785861,BMI,Type_2_diabetes,A,G,0.0172,0.0028,0.00995033,0.0303449,0.948600648922335,0.949452203895951
rs998732,chr19:19378671,BMI,Type_2_diabetes,G,A,0.0171,0.0022,0.0198026,0.0250301,0.945493517729402,0.92910864647887
rs427943,chr21:46570896,BMI,Type_2_diabetes,C,A,-0.017,0.0017,0.0295588,0.0172599,,
rs7630080,chr3:53520140,BMI,Type_2_diabetes,G,A,0.0168,0.0031,-0.0392207,0.0343927,,
rs2293605,chr3:184044433,BMI,Type_2_diabetes,T,C,-0.0167,0.0027,-0.00995033,0.0327179,0.924218403906674,0.844647579026811
rs11710798,chr3:48570686,BMI,Type_2_diabetes,C,A,0.0167,0.0028,0.0295588,0.0323979,0.940211232585741,0.922133917748305
rs8033995,chr15:44013509,BMI,Type_2_diabetes,C,G,-0.0166,0.0029,-0.00995033,0.0327179,,
rs2282231,chr1:39569571,BMI,Type_2_diabetes,T,C,0.0165,0.0021,0.0392207,0.0219841,,
rs12150665,chr17:34914787,BMI,Type_2_diabetes,C,T,0.0162,0.0017,-0.00995033,0.0176002,0.990304275543427,0.98591129343463
rs2010281,chr14:103862322,BMI,Type_2_diabetes,A,G,-0.0161,0.0017,-0.0198026,0.0200183,,
rs2481665,chr1:62594677,BMI,Type_2_diabetes,C,T,0.0161,0.0016,0.0,0.0177755,,
rs1048932,chr11:115044850,BMI,Type_2_diabetes,A,C,-0.016,0.0017,-0.0198026,0.0174284,,
rs833831,chr12:49333248,BMI,Type_2_diabetes,G,T,0.016,0.0027,0.0295588,0.0271379,,
rs7557796,chr2:86766153,BMI,Type_2_diabetes,C,T,0.016,0.0018,-0.00995033,0.0176002,0.910101067568272,0.920627142974954
rs12022461,chr1:33232525,BMI,Type_2_diabetes,A,G,-0.0159,0.0023,-0.0295588,0.0247867,,
rs7083450,chr10:103984060,BMI,Type_2_diabetes,T,C,0.0159,0.0023,0.00995033,0.0252783,,
rs7102454,chr11:65594820,BMI,Type_2_diabetes,C,T,-0.0158,0.0018,0.0198026,0.0174284,,
rs2246012,chr6:131898208,BMI,Type_2_diabetes,C,T,-0.0158,0.0022,0.0582689,0.0240841,,
rs6463489,chr7:5542513,BMI,Type_2_diabetes,C,T,0.0157,0.0026,-0.0392207,0.0268777,0.956507444890273,0.978431400934584
rs11866815,chr16:387867,BMI,Type_2_diabetes,T,C,-0.0156,0.0019,-0.0198026,0.0200183,,
rs7652415,chr3:9505238,BMI,Type_2_diabetes,T,C,0.0156,0.0026,0.0198026,0.0274031,,
rs2162524,chr2:230817437,BMI,Type_2_diabetes,C,T,-0.0155,0.0018,0.0198026,0.0200183,,
rs1394,chr8:9511654,BMI,Type_2_diabetes,A,G,-0.0154,0.0017,-0.0295588,0.0172599,,
rs1000940,chr17:5283252,BMI,Type_2_diabetes,G,A,-0.0154,0.0018,0.00995033,0.0226347,0.987054530918556,0.829863612531872
rs12468863,chr2:26940294,BMI,Type_2_diabetes,T,C,-0.0153,0.0016,-0.0198026,0.0176002,,
rs7535528,chr1:2444414,BMI,Type_2_diabetes,A,G,-0.0152,0.0018,0.00995033,0.0276736,,
rs10886017,chr10:118672531,BMI,Type_2_diabetes,A,C,0.0152,0.0019,0.0,0.0177755,,
rs7189122,chr16:56471410,BMI,Type_2_diabetes,C,T,-0.015,0.0023,0.0392207,0.024548,0.925766085825616,0.827909449593292
rs905938,chr1:154991389,BMI,Type_2_diabetes,C,T,-0.0149,0.0019,0.0295588,0.0221968,0.956838336937747,0.99587869203005
rs4841659,chr8:11828200,BMI,Type_2_diabetes,T,C,0.0149,0.0017,0.0295588,0.0198237,0.949852290774597,0.989204082287887
rs1045411,chr13:31033232,BMI,Type_2_diabetes,T,C,-0.0148,0.0019,-0.0392207,0.024548,,
rs11629783,chr15:66741387,BMI,Type_2_diabetes,G,C,0.0146,0.002,0.0392207,0.0196329,,
rs6901756,chr6:41825590,BMI,Type_2_diabetes,C,T,0.0146,0.0025,-0.0295588,0.0274031,,
rs12120851,chr1:115262845,BMI,Type_2_diabetes,C,T,-0.0144275,0.00240443,0.00995033,0.0228602,,
rs3813680,chr6:24848086,BMI,Type_2_diabetes,G,A,0.0144,0.0024,-0.00995033,0.0226347,,
rs3957285,chr19:1891992,BMI,Type_2_diabetes,A,G,0.0144,0.0018,-0.00995033,0.0202167,0.818908762801262,0.8957569779525
rs12044597,chr1:1708801,BMI,Type_2_diabetes,G,A,-0.0143,0.0016,0.00995033,0.0177755,0.994972764091947,0.993637894701309
rs17757975,chr6:38214150,BMI,Type_2_diabetes,C,T,0.0143,0.0024,0.0,0.0279495,,
rs6512302,chr20:62691550,BMI,Type_2_diabetes,C,G,0.0142,0.002,-0.0487902,0.0243138,,
rs4012234,chr20:32553047,BMI,Type_2_diabetes,G,T,-0.0141,0.0018,0.0392207,0.0196329,,
rs10878946,chr12:69642315,BMI,Type_2_diabetes,T,C,-0.0141,0.0019,-0.0295588,0.0198237,,
rs2710323,chr3:52815905,BMI,Type_2_diabetes,C,T,-0.0141,0.0016,-0.0295588,0.0172599,0.993713342817642,0.966850616997034
rs12595749,chr15:79432359,BMI,Type_2_diabetes,G,A,0.0141,0.0017,-0.0198026,0.0176002,,
rs1452075,chr3:62481063,BMI,Type_2_diabetes,T,C,0.0141,0.0018,0.0487902,0.0194458,,
rs10838465,chr11:45426141,BMI,Type_2_diabetes,C,A,0.014,0.0019,-0.0582689,0.0192621,,
rs10779751,chr1:11284336,BMI,Type_2_diabetes,G,A,0.0139,0.0018,0.0487902,0.0194458,,
rs4970712,chr1:92993547,BMI,Type_2_diabetes,C,A,0.0139,0.002,-0.00995033,0.0202167,0.914923099213268,0.817521668536919
rs4677812,chr3:194863794,BMI,Type_2_diabetes,A,C,-0.0136,0.0019,-0.00995033,0.0202167,,
rs6606686,chr12:110903380,BMI,Type_2_diabetes,C,G,-0.0136,0.0018,-0.0198026,0.0200183,,
rs11538,chr22:18220831,BMI,Type_2_diabetes,G,A,-0.0135,0.0023,0.0295588,0.0224136,,
rs738140,chr22:41884954,BMI,Type_2_diabetes,G,A,0.0135,0.0019,0.0,0.0177755,,
rs559231,chr18:39644247,BMI,Type_2_diabetes,T,G,0.0135,0.0018,0.00995033,0.0202167,0.809646253839045,0.876813301545459
rs8075273,chr17:61728881,BMI,Type_2_diabetes,A,C,-0.0133,0.0018,-0.0676586,0.0190819,,
rs6738445,chr2:172599615,BMI,Type_2_diabetes,C,T,-0.0133,0.0018,0.0,0.0204191,0.905764929267011,0.988789968046985
rs7716275,chr5:137631073,BMI,Type_2_diabetes,T,G,-0.0132,0.0021,-0.0198026,0.0250301,,
rs7830160,chr8:81381871,BMI,Type_2_diabetes,T,C,-0.0132,0.0019,-0.0295588,0.0224136,,
rs1784460,chr11:118938371,BMI,Type_2_diabetes,A,T,0.0132,0.0018,0.0,0.0177755,,
rs223391,chr4:103748224,BMI,Type_2_diabetes,A,G,-0.0131,0.0021,-0.0582689,0.0215708,,
rs2235564,chr1:6713114,BMI,Type_2_diabetes,T,C,0.0131,0.0018,0.0487902,0.0194458,,
rs4877313,chr9:88915566,BMI,Type_2_diabetes,T,A,0.0129,0.0021,-0.0295588,0.0221968,,
rs349088,chr11:84814393,BMI,Type_2_diabetes,A,C,-0.0128,0.0017,-0.0295588,0.0148645,,
rs4077093,chr12:51604820,BMI,Type_2_diabetes,G,T,0.0128,0.0022,-0.0295588,0.0224136,,
rs450231,chr9:101481205,BMI,Type_2_diabetes,A,G,-0.0127,0.002,0.0,0.0228602,,
rs6569648,chr6:130349119,BMI,Type_2_diabetes,T,C,-0.0126,0.0019,0.0676586,0.0190819,,
rs7963783,chr12:118409363,BMI,Type_2_diabetes,G,T,0.0126,0.0019,-0.0392207,0.0196329,,
rs10832778,chr11:17394073,BMI,Type_2_diabetes,G,C,-0.0125,0.0017,-0.0676586,0.0190819,,
rs3134353,chr8:101947453,BMI,Type_2_diabetes,T,A,-0.0125,0.0018,0.00995033,0.0176002,,
rs4704513,chr5:77787889,BMI,Type_2_diabetes,G,C,-0.0125,0.0022,0.0392207,0.0219841,,
rs1465900,chr11:76473138,BMI,Type_2_diabetes,C,A,0.0125,0.002,0.0,0.0228602,,
rs7133378,chr12:124409502,BMI,Type_2_diabetes,A,G,0.0125,0.0018,-0.0295588,0.0198237,0.958423603602258,0.968128465055072
rs4796243,chr17:35057883,BMI,Type_2_diabetes,G,A,-0.0124,0.0019,-0.00995033,0.0202167,0.990358690227808,0.985998328603583
rs11635675,chr15:63793238,BMI,Type_2_diabetes,G,T,0.0124,0.0018,0.0,0.0177755,,
rs263041,chr3:183522231,BMI,Type_2_diabetes,G,A,0.0124,0.0018,0.00995033,0.0177755,,
rs17446091,chr8:27167942,BMI,Type_2_diabetes,C,T,-0.0123,0.002,0.0198026,0.0200183,,
rs7220138,chr17:42261588,BMI,Type_2_diabetes,G,C,-0.0123,0.0019,-0.00995033,0.0202167,,
rs10824218,chr10:76421216,BMI,Type_2_diabetes,T,A,0.0122,0.0018,-0.00995033,0.0202167,,
rs4653017,chr1:33776728,BMI,Type_2_diabetes,T,C,0.0122,0.0018,0.0,0.0204191,,
rs1075901,chr17:15943910,BMI,Type_2_diabetes,C,T,-0.0121,0.0016,0.0295588,0.0198237,,
rs7334078,chr13:99120484,BMI,Type_2_diabetes,C,T,0.0121,0.0019,0.0,0.0204191,0.950631993048837,0.824398652327078
rs9299,chr17:46669430,BMI,Type_2_diabetes,T,C,0.0121,0.0018,-0.00995033,0.0202167,,
rs11066188,chr12:112610714,BMI,Type_2_diabetes,A,G,-0.012,0.0017,0.00995033,0.0176002,,
rs1263618,chr2:207956108,BMI,Type_2_diabetes,C,T,-0.012,0.0017,0.0295588,0.0198237,,
rs2842385,chr6:19078274,BMI,Type_2_diabetes,G,A,-0.012,0.0022,-0.0295588,0.0221968,,
rs2367112,chr5:64168193,BMI,Type_2_diabetes,G,T,0.0119,0.0016,-0.0487902,0.0170946,,
rs7607351,chr2:69562127,BMI,Type_2_diabetes,C,T,0.0119,0.0017,-0.00995033,0.0176002,,
rs10923724,chr1:119546842,BMI,Type_2_diabetes,T,C,-0.0118,0.0016,-0.00995033,0.0177755,,
rs2425847,chr20:44907927,BMI,Type_2_diabetes,G,A,-0.0118,0.0018,0.0295588,0.0172599,,
rs460799,chr5:66191971,BMI,Type_2_diabetes,G,A,-0.0118,0.0019,0.0,0.0204191,,
rs936227,chr15:75131959,BMI,Type_2_diabetes,G,A,-0.0118,0.0017,-0.0295588,0.0172599,,
rs1730859,chr1:107617707,BMI,Type_2_diabetes,A,G,-0.0118,0.0017,0.0295588,0.0174284,0.98768739757477,0.830513854304543
rs12905439,chr15:99521883,BMI,Type_2_diabetes,G,C,0.0118,0.0018,0.00995033,0.0202167,,
rs1038088,chr17:28074563,BMI,Type_2_diabetes,G,T,-0.0117,0.0016,0.0198026,0.0174284,,
rs217433,chr7:44553496,BMI,Type_2_diabetes,C,T,-0.0117,0.0021,-0.00995033,0.0252783,,
rs7172627,chr15:31877690,BMI,Type_2_diabetes,G,A,-0.0117,0.0017,-0.00995033,0.0202167,,
rs1899689,chr7:121964349,BMI,Type_2_diabetes,T,C,0.0117,0.0016,0.0582689,0.0169324,,
rs7607369,chr2:219279097,BMI,Type_2_diabetes,G,A,0.0117,0.0016,0.00995033,0.0176002,,
rs6764533,chr3:196088464,BMI,Type_2_diabetes,A,G,0.0116,0.0018,0.0198026,0.0200183,,
rs1830074,chr7:6718674,BMI,Type_2_diabetes,C,T,-0.0115,0.0019,0.0,0.0204191,,
rs2837398,chr21:41427168,BMI,Type_2_diabetes,C,A,-0.0114,0.0018,-0.00995033,0.0176002,,
rs17685,chr7:75636240,BMI,Type_2_diabetes,G,A,0.0114,0.002,0.0,0.0204191,,
rs10768994,chr11:43936945,BMI,Type_2_diabetes,C,T,0.0114,0.0017,-0.0582689,0.0167733,,
rs13209968,chr6:126089285,BMI,Type_2_diabetes,C,G,0.0114,0.0017,0.00995033,0.0176002,0.96418652379931,0.800997756858592
rs761423,chr1:17301672,BMI,Type_2_diabetes,C,T,0.0113,0.0017,0.00995033,0.0176002,,
rs7540681,chr1:16832446,BMI,Type_2_diabetes,C,T,-0.0112038,0.001997,-0.00995033,0.0303449,0.986763149265289,0.948220047632262
rs12628891,chr22:38317137,BMI,Type_2_diabetes,T,C,-0.0112,0.0019,0.0198026,0.0200183,,
rs2238373,chr16:2081503,BMI,Type_2_diabetes,G,A,0.0112,0.0019,0.00995033,0.0303449,,
rs823074,chr1:205774839,BMI,Type_2_diabetes,C,T,0.0112,0.0017,-0.0392207,0.0170946,,
rs11670142,chr19:49650471,BMI,Type_2_diabetes,G,T,-0.0111,0.0018,0.0295588,0.0198237,,
rs1048303,chr7:100804140,BMI,Type_2_diabetes,T,C,-0.0111,0.0018,0.0198026,0.0200183,,
rs7209235,chr17:73759552,BMI,Type_2_diabetes,A,G,-0.0111,0.0019,-0.00995033,0.0228602,,
rs2074613,chr5:139714564,BMI,Type_2_diabetes,T,C,0.0111,0.0017,0.00995033,0.0176002,,
rs1117080,chr20:43428323,BMI,Type_2_diabetes,G,C,0.011,0.0019,0.0,0.0228602,0.913395552580631,0.831551950587571
rs12597712,chr16:54152620,BMI,Type_2_diabetes,C,G,-0.0109,0.0017,-0.0392207,0.0170946,,
rs9394312,chr6:35672330,BMI,Type_2_diabetes,C,G,0.0109,0.0017,0.0,0.0204191,0.992941135504817,0.819095180388421
rs7031064,chr9:14455076,BMI,Type_2_diabetes,G,A,0.0108,0.0017,-0.00995033,0.0177755,,
rs17695092,chr5:173337853,BMI,Type_2_diabetes,G,T,0.0106,0.0018,0.0,0.0177755,0.934792777512443,0.907524571783491
rs13072731,chr3:38533335,BMI,Type_2_diabetes,C,A,-0.0105,0.0018,-0.0295588,0.0198237,,
rs12545740,chr8:33455300,BMI,Type_2_diabetes,C,A,0.0105,0.0018,0.0,0.0177755,,
rs6777784,chr3:62376645,BMI,Type_2_diabetes,T,G,0.0105,0.0018,0.0,0.0228602,,
rs676749,chr20:3026069,BMI,Type_2_diabetes,A,T,-0.0104,0.0017,0.0,0.0177755,0.833875046738688,0.811989252023073
rs1468069,chr10:98988759,BMI,Type_2_diabetes,C,A,0.0104,0.0018,-0.0295588,0.0174284,,
rs12759296,chr1:15881237,BMI,Type_2_diabetes,G,T,0.0104,0.0018,-0.0198026,0.0200183,,
rs1884389,chr20:1410582,BMI,Type_2_diabetes,T,C,-0.0103,0.0017,-0.00995033,0.0177755,,
rs2425024,chr20:33844938,BMI,Type_2_diabetes,C,A,-0.0103,0.0018,0.0198026,0.0176002,,
rs4865796,chr5:53272664,BMI,Type_2_diabetes,A,G,-0.0103,0.0018,0.0861777,0.0187315,,
rs138289,chr22:32182708,BMI,Type_2_diabetes,T,A,0.0103,0.0017,0.0,0.0177755,,
rs175165,chr22:20116015,BMI,Type_2_diabetes,G,T,0.0103,0.0018,-0.00995033,0.0176002,,
rs472611,chr11:119824102,BMI,Type_2_diabetes,G,A,-0.0101,0.0018,0.00995033,0.0177755,,
rs4132228,chr3:64708114,BMI,Type_2_diabetes,T,C,0.0101,0.0018,-0.0676586,0.0190819,,
rs719802,chr11:113234679,BMI,Type_2_diabetes,C,T,0.0101,0.0018,-0.0295588,0.0174284,,
rs9921416,chr16:54244754,BMI,Type_2_diabetes,T,C,-0.01,0.0018,0.0,0.0177755,,
rs4985557,chr16:70704974,BMI,Type_2_diabetes,C,T,-0.01,0.0018,-0.00995033,0.0176002,0.999999999797524,0.984032481120675
rs329277,chr7:35080931,BMI,Type_2_diabetes,G,T,-0.0099,0.0017,0.00995033,0.0177755,,
rs2052883,chr5:108732690,BMI,Type_2_diabetes,A,G,0.0098,0.0017,-0.0295588,0.0172599,,
rs4148866,chr12:123425575,BMI,Type_2_diabetes,T,C,0.0098,0.0018,0.0676586,0.0238587,,
rs1704190,chr2:200760629,BMI,Type_2_diabetes,A,G,0.0098,0.0018,0.0198026,0.0174284,0.928247908993754,0.874458903870613
rs591088,chr1:42438196,BMI,Type_2_diabetes,T,C,-0.0097,0.0017,0.0,0.0177755,,
rs9965170,chr18:44788274,BMI,Type_2_diabetes,A,G,-0.0097,0.0017,-0.00995033,0.015159,,
rs881301,chr8:38332318,BMI,Type_2_diabetes,C,T,-0.0097,0.0017,0.0295588,0.0174284,0.968248962877149,0.915843761101367
rs3844598,chr5:140992235,BMI,Type_2_diabetes,G,A,-0.0095,0.0017,-0.0198026,0.0176002,0.984897818323896,0.946617959648521
rs2280039,chr2:220363488,BMI,Type_2_diabetes,G,A,0.0095,0.0017,0.0198026,0.0200183,,
rs7200919,chr16:67316600,BMI,Type_2_diabetes,A,G,0.0095,0.0017,0.0,0.0177755,,
rs3807875,chr7:122052524,BMI,Type_2_diabetes,G,A,-0.0094,0.0017,0.0,0.0177755,,
rs10144318,chr14:53189731,BMI,Type_2_diabetes,C,A,0.0092,0.0016,-0.0198026,0.0176002,,
rs208015,chr17:46252346,BMI,Heart_failure,C,T,0.0356,0.0034,-0.022,0.0151,,
rs6050446,chr20:25195509,BMI,Heart_failure,G,A,-0.0343,0.0047,0.0595,0.0237,,
rs1993709,chr1:72838529,BMI,Heart_failure,G,A,-0.0331,0.0021,0.0106,0.0101,,
rs17391694,chr1:78623626,BMI,Heart_failure,T,C,0.0317,0.0025,0.0229,0.0118,,
rs9821675,chr3:49902544,BMI,Heart_failure,G,A,-0.0293415,0.00196279,0.0168,0.0079,0.899725921185352,0.93234787679107
rs3810291,chr19:47569003,BMI,Heart_failure,A,G,0.0274,0.0018,0.017,0.0086,,
rs12411886,chr10:104685299,BMI,Heart_failure,A,C,0.0271,0.003,-0.0317,0.0141,0.943736659286822,0.83889217492247
rs3888190,chr16:28889486,BMI,Heart_failure,A,C,0.0271,0.0017,0.0121,0.008,0.942901918812634,0.838099941951199
rs16882001,chr6:90322237,BMI,Heart_failure,G,A,-0.0269,0.004,0.0173,0.017,,
rs7124681,chr11:47529947,BMI,Heart_failure,A,C,0.0263,0.0016,0.0121,0.0081,0.844636059881338,0.968825097873331
rs3814883,chr16:29994922,BMI,Heart_failure,T,C,0.0232,0.0017,0.0164,0.008,,
rs17207196,chr7:75101065,BMI,Heart_failure,T,C,-0.0221,0.0018,-0.0357,0.0084,0.996234090009094,0.955795534799037
rs3731544,chr3:48207997,BMI,Heart_failure,A,C,0.0214,0.0031,0.0289,0.0152,,
rs12779943,chr10:27312657,BMI,Heart_failure,T,C,0.0213,0.0032,0.0113,0.0153,,
rs13240600,chr7:99064466,BMI,Heart_failure,G,A,0.0204,0.0024,-0.0531,0.0124,0.964707803366576,0.887608271917728
rs12964689,chr18:21116998,BMI,Heart_failure,G,A,0.0203,0.0017,-0.0328,0.0079,,
rs4889606,chr16:31011183,BMI,Heart_failure,G,A,0.0202,0.0017,-0.0145,0.0082,,
rs895330,chr19:4060707,BMI,Heart_failure,G,C,0.0201,0.0023,-0.0188,0.0104,,
rs455527,chr16:89644001,BMI,Heart_failure,C,T,0.0199,0.0035,0.0288,0.0167,,
rs10971712,chr9:33820938,BMI,Heart_failure,T,C,-0.0197,0.0027,-0.0062,0.0115,0.914242699603893,0.823944171134354
rs4556997,chr2:100814858,BMI,Heart_failure,A,C,0.0197,0.0024,-0.0053,0.0113,,
rs10460960,chr3:42308735,BMI,Heart_failure,A,G,0.0197,0.0025,-0.0033,0.0121,,
rs7811342,chr7:138794618,BMI,Heart_failure,C,T,0.0197,0.0029,0.007,0.013,,
rs889398,chr16:69556715,BMI,Heart_failure,T,C,-0.0196,0.0016,-0.026,0.008,,
rs12564992,chr1:174478100,BMI,Heart_failure,G,A,-0.0196,0.0026,0.0023,0.0127,0.949515647303665,0.990215866075874
rs13174863,chr5:139080745,BMI,Heart_failure,G,A,-0.0192,0.0023,0.0107,0.0111,,
rs6692586,chr1:23299906,BMI,Heart_failure,G,A,0.0192,0.0023,-0.0047,0.0106,,
rs7871866,chr9:131027982,BMI,Heart_failure,C,G,0.0187,0.0024,0.0348,0.0109,,
rs16864515,chr1:171435542,BMI,Heart_failure,A,C,0.0186,0.0029,0.0316,0.0129,,
rs7551507,chr1:74995225,BMI,Heart_failure,T,C,-0.0184,0.0016,-0.0016,0.0079,,
rs11577094,chr1:38026600,BMI,Heart_failure,T,C,0.0182,0.003,0.0228,0.014,,
rs3803286,chr14:103246470,BMI,Heart_failure,G,A,0.0181,0.0018,-0.0245,0.0082,,
rs7947143,chr11:64090422,BMI,Heart_failure,A,G,-0.018,0.0024,-0.0003,0.0107,,
rs6985109,chr8:10761585,BMI,Heart_failure,A,G,-0.0177,0.0017,-0.011,0.0082,,
rs28350,chr3:42418446,BMI,Heart_failure,G,A,0.0177,0.0022,-0.0231,0.0102,,
rs2304130,chr19:19789528,BMI,Heart_failure,G,A,0.0176,0.003,-0.0504,0.0149,0.962157422888626,0.952745041783226
rs6587552,chr1:151018861,BMI,Heart_failure,G,A,0.0173,0.002,0.0065,0.0091,0.92275123886362,0.992732056442546
rs2170382,chr8:74689288,BMI,Heart_failure,T,C,0.0172,0.0027,0.0085,0.0125,,
rs7134628,chr12:53785861,BMI,Heart_failure,A,G,0.0172,0.0028,0.0173,0.0129,0.948600648922335,0.949452203895951
rs998732,chr19:19378671,BMI,Heart_failure,G,A,0.0171,0.0022,-0.0007,0.0109,0.945493517729402,0.92910864647887
rs427943,chr21:46570896,BMI,Heart_failure,C,A,-0.017,0.0017,0.009,0.008,,
rs7630080,chr3:53520140,BMI,Heart_failure,G,A,0.0168,0.0031,-0.0358,0.0158,,
rs2293605,chr3:184044433,BMI,Heart_failure,T,C,-0.0167,0.0027,-0.0473,0.0121,0.924218403906674,0.844647579026811
rs11710798,chr3:48570686,BMI,Heart_failure,C,A,0.0167,0.0028,0.0021,0.0128,0.940211232585741,0.922133917748305
rs8033995,chr15:44013509,BMI,Heart_failure,C,G,-0.0166,0.0029,0.0016,0.0133,,
rs2282231,chr1:39569571,BMI,Heart_failure,T,C,0.0165,0.0021,-0.0047,0.0095,,
rs12150665,chr17:34914787,BMI,Heart_failure,C,T,0.0162,0.0017,-0.0113,0.0079,0.990304275543427,0.98591129343463
rs2010281,chr14:103862322,BMI,Heart_failure,A,G,-0.0161,0.0017,-0.0213,0.0083,,
rs2481665,chr1:62594677,BMI,Heart_failure,C,T,0.0161,0.0016,-0.0165,0.0079,,
rs1048932,chr11:115044850,BMI,Heart_failure,A,C,-0.016,0.0017,-0.0124,0.008,,
rs833831,chr12:49333248,BMI,Heart_failure,G,T,0.016,0.0027,-0.0137,0.012,,
rs7557796,chr2:86766153,BMI,Heart_failure,C,T,0.016,0.0018,-0.0284,0.0083,0.910101067568272,0.920627142974954
rs12022461,chr1:33232525,BMI,Heart_failure,A,G,-0.0159,0.0023,0.0118,0.0105,,
rs7083450,chr10:103984060,BMI,Heart_failure,T,C,0.0159,0.0023,0.016,0.0107,,
rs7102454,chr11:65594820,BMI,Heart_failure,C,T,-0.0158,0.0018,-0.0015,0.0083,,
rs2246012,chr6:131898208,BMI,Heart_failure,C,T,-0.0158,0.0022,0.0095,0.0103,,
rs6463489,chr7:5542513,BMI,Heart_failure,C,T,0.0157,0.0026,-0.0256,0.0127,0.956507444890273,0.978431400934584
rs11866815,chr16:387867,BMI,Heart_failure,T,C,-0.0156,0.0019,0.0078,0.0093,,
rs7652415,chr3:9505238,BMI,Heart_failure,T,C,0.0156,0.0026,0.0225,0.0115,,
rs2162524,chr2:230817437,BMI,Heart_failure,C,T,-0.0155,0.0018,0.0002,0.0083,,
rs1394,chr8:9511654,BMI,Heart_failure,A,G,-0.0154,0.0017,-0.0046,0.0084,,
rs1000940,chr17:5283252,BMI,Heart_failure,G,A,-0.0154,0.0018,-0.0005,0.0084,0.987054530918556,0.829863612531872
rs12468863,chr2:26940294,BMI,Heart_failure,T,C,-0.0153,0.0016,-0.0281,0.0078,,
rs7535528,chr1:2444414,BMI,Heart_failure,A,G,-0.0152,0.0018,-0.0169,0.0083,,
rs10886017,chr10:118672531,BMI,Heart_failure,A,C,0.0152,0.0019,0.0305,0.0091,,
rs7189122,chr16:56471410,BMI,Heart_failure,C,T,-0.015,0.0023,-0.0164,0.0106,0.925766085825616,0.827909449593292
rs905938,chr1:154991389,BMI,Heart_failure,C,T,-0.0149,0.0019,0.0107,0.0089,0.956838336937747,0.99587869203005
rs4841659,chr8:11828200,BMI,Heart_failure,T,C,0.0149,0.0017,-0.0062,0.0084,0.949852290774597,0.989204082287887
rs1045411,chr13:31033232,BMI,Heart_failure,T,C,-0.0148,0.0019,0.0085,0.0089,,
rs11629783,chr15:66741387,BMI,Heart_failure,G,C,0.0146,0.002,0.014,0.0093,,
rs6901756,chr6:41825590,BMI,Heart_failure,C,T,0.0146,0.0025,0.0134,0.012,,
rs12120851,chr1:115262845,BMI,Heart_failure,C,T,-0.0144275,0.00240443,0.003,0.0096,,
rs3813680,chr6:24848086,BMI,Heart_failure,G,A,0.0144,0.0024,-0.0008,0.0107,,
rs3957285,chr19:1891992,BMI,Heart_failure,A,G,0.0144,0.0018,0.0128,0.0081,0.818908762801262,0.8957569779525
rs12044597,chr1:1708801,BMI,Heart_failure,G,A,-0.0143,0.0016,-0.0144,0.0078,0.994972764091947,0.993637894701309
rs17757975,chr6:38214150,BMI,Heart_failure,C,T,0.0143,0.0024,0.014,0.0115,,
rs6512302,chr20:62691550,BMI,Heart_failure,C,G,0.0142,0.002,-0.0017,0.0092,,
rs4012234,chr20:32553047,BMI,Heart_failure,G,T,-0.0141,0.0018,-0.0049,0.008,,
rs10878946,chr12:69642315,BMI,Heart_failure,T,C,-0.0141,0.0019,-0.0092,0.0088,,
rs2710323,chr3:52815905,BMI,Heart_failure,C,T,-0.0141,0.0016,0.0189,0.0078,0.993713342817642,0.966850616997034
rs12595749,chr15:79432359,BMI,Heart_failure,G,A,0.0141,0.0017,-0.0095,0.008,,
rs1452075,chr3:62481063,BMI,Heart_failure,T,C,0.0141,0.0018,0.0091,0.0089,,
rs10838465,chr11:45426141,BMI,Heart_failure,C,A,0.014,0.0019,-0.0092,0.0086,,
rs10779751,chr1:11284336,BMI,Heart_failure,G,A,0.0139,0.0018,-0.022,0.0088,,
rs4970712,chr1:92993547,BMI,Heart_failure,C,A,0.0139,0.002,-0.011,0.0097,0.914923099213268,0.817521668536919
rs4677812,chr3:194863794,BMI,Heart_failure,A,C,-0.0136,0.0019,-0.0035,0.0087,,
rs6606686,chr12:110903380,BMI,Heart_failure,C,G,-0.0136,0.0018,0.0184,0.0084,,
rs11538,chr22:18220831,BMI,Heart_failure,G,A,-0.0135,0.0023,-0.0103,0.0102,,
rs3977755,chr10:104420210,BMI,Heart_failure,T,C,-0.0135,0.0019,0.0118,0.0089,0.964880685048043,0.862326563649616
rs738140,chr22:41884954,BMI,Heart_failure,G,A,0.0135,0.0019,-0.0374,0.0084,,
rs559231,chr18:39644247,BMI,Heart_failure,T,G,0.0135,0.0018,0.011,0.008,0.809646253839045,0.876813301545459
rs8075273,chr17:61728881,BMI,Heart_failure,A,C,-0.0133,0.0018,0.0092,0.0088,,
rs6738445,chr2:172599615,BMI,Heart_failure,C,T,-0.0133,0.0018,0.0146,0.0093,0.905764929267011,0.988789968046985
rs7716275,chr5:137631073,BMI,Heart_failure,T,G,-0.0132,0.0021,-0.0264,0.0101,,
rs7830160,chr8:81381871,BMI,Heart_failure,T,C,-0.0132,0.0019,0.0059,0.0095,,
rs1784460,chr11:118938371,BMI,Heart_failure,A,T,0.0132,0.0018,0.0237,0.0081,,
rs223391,chr4:103748224,BMI,Heart_failure,A,G,-0.0131,0.0021,0.0015,0.0099,,
rs2235564,chr1:6713114,BMI,Heart_failure,T,C,0.0131,0.0018,0.0007,0.0083,,
rs4877313,chr9:88915566,BMI,Heart_failure,T,A,0.0129,0.0021,-0.0093,0.0095,,
rs349088,chr11:84814393,BMI,Heart_failure,A,C,-0.0128,0.0017,-0.0017,0.0079,,
rs4077093,chr12:51593616,BMI,Heart_failure,G,T,0.0128,0.0022,-0.0079,0.0096,,
rs450231,chr9:101481205,BMI,Heart_failure,A,G,-0.0127,0.002,-0.0056,0.0089,,
rs6569648,chr6:130349119,BMI,Heart_failure,T,C,-0.0126,0.0019,-0.0161,0.0092,,
rs7963783,chr12:118409363,BMI,Heart_failure,G,T,0.0126,0.0019,-0.0205,0.0087,,
rs10832778,chr11:17394073,BMI,Heart_failure,G,C,-0.0125,0.0017,-0.0131,0.008,,
rs3134353,chr8:101947453,BMI,Heart_failure,T,A,-0.0125,0.0018,-0.0172,0.008,,
rs4704513,chr5:77787889,BMI,Heart_failure,G,C,-0.0125,0.0022,0.0092,0.01,,
rs1465900,chr11:76473138,BMI,Heart_failure,C,A,0.0125,0.002,-0.0094,0.0096,,
rs7133378,chr12:124409502,BMI,Heart_failure,A,G,0.0125,0.0018,-0.0195,0.0085,0.958423603602258,0.968128465055072
rs4796243,chr17:35057883,BMI,Heart_failure,G,A,-0.0124,0.0019,0.0204,0.0088,0.990358690227808,0.985998328603583
rs11635675,chr15:63793238,BMI,Heart_failure,G,T,0.0124,0.0018,0.0015,0.0082,,
rs263041,chr3:183522231,BMI,Heart_failure,G,A,0.0124,0.0018,0.0077,0.008,,
rs17446091,chr8:27167942,BMI,Heart_failure,C,T,-0.0123,0.002,0.0134,0.0099,,
rs7220138,chr17:42254011,BMI,Heart_failure,G,C,-0.0123,0.0019,0.0056,0.0086,,
rs10824218,chr10:76421216,BMI,Heart_failure,T,A,0.0122,0.0018,-0.0099,0.0079,,
rs4653017,chr1:33776728,BMI,Heart_failure,T,C,0.0122,0.0018,0.0006,0.0084,,
rs1075901,chr17:15943910,BMI,Heart_failure,C,T,-0.0121,0.0016,0.0188,0.0078,,
rs7334078,chr13:99120484,BMI,Heart_failure,C,T,0.0121,0.0019,-0.0104,0.0088,0.950631993048837,0.824398652327078
rs9299,chr17:46669430,BMI,Heart_failure,T,C,0.0121,0.0018,0.0117,0.0082,,
rs11066188,chr12:112610714,BMI,Heart_failure,A,G,-0.012,0.0017,0.0374,0.0081,,
rs1263618,chr2:207956108,BMI,Heart_failure,C,T,-0.012,0.0017,0.013,0.0086,,
rs2842385,chr6:19078274,BMI,Heart_failure,G,A,-0.012,0.0022,-0.0064,0.01,,
rs2367112,chr5:64168193,BMI,Heart_failure,G,T,0.0119,0.0016,-0.0055,0.0078,,
rs7607351,chr2:69562127,BMI,Heart_failure,C,T,0.0119,0.0017,-0.0067,0.0079,,
rs10923724,chr1:119546842,BMI,Heart_failure,T,C,-0.0118,0.0016,-0.0013,0.008,,
rs2425847,chr20:44907927,BMI,Heart_failure,G,A,-0.0118,0.0018,0.0034,0.008,,
rs460799,chr5:66191971,BMI,Heart_failure,G,A,-0.0118,0.0019,0.0067,0.0089,,
rs936227,chr15:75131959,BMI,Heart_failure,G,A,-0.0118,0.0017,0.0041,0.008,,
rs1730859,chr1:107617707,BMI,Heart_failure,A,G,-0.0118,0.0017,-0.0224,0.0084,0.98768739757477,0.830513854304543
rs12905439,chr15:99521883,BMI,Heart_failure,G,C,0.0118,0.0018,-0.0043,0.0084,,
rs1038088,chr17:28074563,BMI,Heart_failure,G,T,-0.0117,0.0016,0.0184,0.0078,,
rs217433,chr7:44553496,BMI,Heart_failure,C,T,-0.0117,0.0021,0.0125,0.0095,,
rs7172627,chr15:31877690,BMI,Heart_failure,G,A,-0.0117,0.0017,0.0117,0.0078,,
rs1899689,chr7:121964349,BMI,Heart_failure,T,C,0.0117,0.0016,0.015,0.008,,
rs7607369,chr2:219279097,BMI,Heart_failure,G,A,0.0117,0.0016,-0.0018,0.0079,,
rs6764533,chr3:196088464,BMI,Heart_failure,A,G,0.0116,0.0018,-0.0011,0.0083,,
rs1830074,chr7:6718674,BMI,Heart_failure,C,T,-0.0115,0.0019,0.009,0.0086,,
rs2837398,chr21:41427168,BMI,Heart_failure,C,A,-0.0114,0.0018,0.0144,0.0092,,
rs17685,chr7:75616105,BMI,Heart_failure,A,G,0.0114,0.002,-0.0013,0.0089,,
rs10768994,chr11:43936945,BMI,Heart_failure,C,T,0.0114,0.0017,-0.0002,0.008,,
rs13209968,chr6:126090277,BMI,Heart_failure,C,G,0.0114,0.0017,-0.0015,0.0079,0.96418652379931,0.800997756858592
rs761423,chr1:17301672,BMI,Heart_failure,C,T,0.0113,0.0017,-0.0138,0.0079,,
rs7540681,chr1:16832446,BMI,Heart_failure,C,T,-0.0112038,0.001997,0.0127,0.0133,0.986763149265289,0.948220047632262
rs12628891,chr22:38317137,BMI,Heart_failure,T,C,-0.0112,0.0019,-0.0099,0.0085,,
rs2238373,chr16:2081503,BMI,Heart_failure,G,A,0.0112,0.0019,-0.0004,0.0087,,
rs823074,chr1:205774839,BMI,Heart_failure,C,T,0.0112,0.0017,-0.0007,0.0079,,
rs11670142,chr19:49650471,BMI,Heart_failure,G,T,-0.0111,0.0018,0.0108,0.0079,,
rs1048303,chr7:100804140,BMI,Heart_failure,T,C,-0.0111,0.0018,-0.0051,0.008,,
rs7209235,chr17:73759552,BMI,Heart_failure,A,G,-0.0111,0.0019,0.0178,0.0088,,
rs2074613,chr5:139714564,BMI,Heart_failure,T,C,0.0111,0.0017,0.0085,0.0079,,
rs1117080,chr20:43428323,BMI,Heart_failure,G,C,0.011,0.0019,-0.0068,0.0086,0.913395552580631,0.831551950587571
rs12597712,chr16:54152620,BMI,Heart_failure,C,G,-0.0109,0.0017,0.0002,0.0078,,
rs9394312,chr6:35672330,BMI,Heart_failure,C,G,0.0109,0.0017,0.0166,0.0078,0.992941135504817,0.819095180388421
rs7031064,chr9:14455076,BMI,Heart_failure,G,A,0.0108,0.0017,-0.011,0.0078,,
rs17695092,chr5:173337853,BMI,Heart_failure,G,T,0.0106,0.0018,-0.0269,0.0084,0.934792777512443,0.907524571783491
rs13072731,chr3:38533335,BMI,Heart_failure,C,A,-0.0105,0.0018,-0.012,0.008,,
rs12545740,chr8:33455300,BMI,Heart_failure,C,A,0.0105,0.0018,-0.0027,0.008,,
rs6777784,chr3:62376645,BMI,Heart_failure,T,G,0.0105,0.0018,-0.0032,0.0083,,
rs676749,chr20:3026069,BMI,Heart_failure,A,T,-0.0104,0.0017,-0.0099,0.0079,0.833875046738688,0.811989252023073
rs1468069,chr10:98988759,BMI,Heart_failure,C,A,0.0104,0.0018,0.0121,0.0082,,
rs12759296,chr1:15881237,BMI,Heart_failure,G,T,0.0104,0.0018,0.003,0.0083,,
rs1884389,chr20:1410582,BMI,Heart_failure,T,C,-0.0103,0.0017,-0.0061,0.0079,,
rs2425024,chr20:33844938,BMI,Heart_failure,C,A,-0.0103,0.0018,0.0084,0.0084,,
rs4865796,chr5:53272664,BMI,Heart_failure,A,G,-0.0103,0.0018,-0.0147,0.0084,,
rs138289,chr22:32182708,BMI,Heart_failure,T,A,0.0103,0.0017,0.0004,0.0079,,
rs175165,chr22:20116015,BMI,Heart_failure,G,T,0.0103,0.0018,-0.0013,0.008,,
rs472611,chr11:119824102,BMI,Heart_failure,G,A,-0.0101,0.0018,-0.0019,0.0083,,
rs4132228,chr3:64708114,BMI,Heart_failure,T,C,0.0101,0.0018,-0.0067,0.0087,,
rs719802,chr11:113234679,BMI,Heart_failure,C,T,0.0101,0.0018,-0.0087,0.0081,,
rs9921416,chr16:54244754,BMI,Heart_failure,T,C,-0.01,0.0018,-0.0017,0.0079,,
rs4985557,chr16:70704974,BMI,Heart_failure,C,T,-0.01,0.0018,-0.013,0.0079,0.999999999797524,0.984032481120675
rs329277,chr7:35080931,BMI,Heart_failure,G,T,-0.0099,0.0017,0.0112,0.0079,,
rs2052883,chr5:108732690,BMI,Heart_failure,A,G,0.0098,0.0017,0.0094,0.0084,,
rs4148866,chr12:123425575,BMI,Heart_failure,T,C,0.0098,0.0018,-0.0103,0.0081,,
rs1704190,chr2:200760629,BMI,Heart_failure,A,G,0.0098,0.0018,0.0104,0.0081,0.928247908993754,0.874458903870613
rs591088,chr1:42438196,BMI,Heart_failure,T,C,-0.0097,0.0017,-0.024,0.0079,,
rs9965170,chr18:44788274,BMI,Heart_failure,A,G,-0.0097,0.0017,-0.0167,0.0078,,
rs881301,chr8:38332318,BMI,Heart_failure,C,T,-0.0097,0.0017,-0.005,0.008,0.968248962877149,0.915843761101367
rs3844598,chr5:140992235,BMI,Heart_failure,G,A,-0.0095,0.0017,-0.0062,0.0079,0.984897818323896,0.946617959648521
rs2280039,chr2:220363488,BMI,Heart_failure,G,A,0.0095,0.0017,0.0005,0.0095,,
rs7200919,chr16:67316600,BMI,Heart_failure,A,G,0.0095,0.0017,0.0019,0.008,,
rs3807875,chr7:122052524,BMI,Heart_failure,G,A,-0.0094,0.0017,-0.0037,0.0082,,
rs10144318,chr14:53189731,BMI,Heart_failure,C,A,0.0092,0.0016,-0.008,0.0079,,
rs208015,chr17:46252346,BMI,Stroke,C,T,0.0356,0.0034,0.0056,0.0178,,
rs6050446,chr20:25195509,BMI,Stroke,G,A,-0.0343,0.0047,0.0066,0.0292,,
rs1993709,chr1:72838529,BMI,Stroke,G,A,-0.0331,0.0021,-0.0163,0.0118,,
rs17391694,chr1:78623626,BMI,Stroke,T,C,0.0317,0.0025,0.0242,0.0146,,
rs9821675,chr3:49902544,BMI,Stroke,G,A,-0.0293415,0.00196279,0.0143,0.0095,0.899725921185352,0.93234787679107
rs3810291,chr19:47569003,BMI,Stroke,A,G,0.0274,0.0018,-0.0041,0.0105,,
rs12411886,chr10:104685299,BMI,Stroke,A,C,0.0271,0.003,0.0041,0.0157,0.943736659286822,0.83889217492247
rs3888190,chr16:28889486,BMI,Stroke,A,C,0.0271,0.0017,-0.0035,0.0092,0.942901918812634,0.838099941951199
rs16882001,chr6:90322237,BMI,Stroke,G,A,-0.0269,0.004,0.0102,0.0201,,
rs7124681,chr11:47529947,BMI,Stroke,A,C,0.0263,0.0016,0.0189,0.0092,0.844636059881338,0.968825097873331
rs3814883,chr16:29994922,BMI,Stroke,T,C,0.0232,0.0017,-0.0178,0.0094,,
rs17207196,chr7:75101065,BMI,Stroke,T,C,-0.0221,0.0018,-0.0315,0.0101,0.996234090009094,0.955795534799037
rs3731544,chr3:48207997,BMI,Stroke,A,C,0.0214,0.0031,-0.0129,0.0218,,
rs12779943,chr10:27312657,BMI,Stroke,T,C,0.0213,0.0032,0.024,0.0181,,
rs13240600,chr7:99064466,BMI,Stroke,G,A,0.0204,0.0024,-0.024,0.0127,0.964707803366576,0.887608271917728
rs12964689,chr18:21116998,BMI,Stroke,G,A,0.0203,0.0017,-0.0206,0.0092,,
rs4889606,chr16:31011183,BMI,Stroke,G,A,0.0202,0.0017,0.012,0.0096,,
rs895330,chr19:4060707,BMI,Stroke,G,C,0.0201,0.0023,-0.0402,0.0122,,
rs455527,chr16:89644001,BMI,Stroke,C,T,0.0199,0.0035,-0.0237,0.0213,,
rs10971712,chr9:33820938,BMI,Stroke,T,C,-0.0197,0.0027,-0.0227,0.0139,0.914242699603893,0.823944171134354
rs4556997,chr2:100814858,BMI,Stroke,A,C,0.0197,0.0024,-0.0001,0.0128,,
rs10460960,chr3:42308735,BMI,Stroke,A,G,0.0197,0.0025,-0.0103,0.0143,,
rs7811342,chr7:138794618,BMI,Stroke,C,T,0.0197,0.0029,0.017,0.0154,,
rs889398,chr16:69556715,BMI,Stroke,T,C,-0.0196,0.0016,-0.0144,0.0093,,
rs12564992,chr1:174478100,BMI,Stroke,G,A,-0.0196,0.0026,-0.0357,0.0146,0.949515647303665,0.990215866075874
rs13174863,chr5:139080745,BMI,Stroke,G,A,-0.0192,0.0023,-0.0015,0.0135,,
rs6692586,chr1:23299906,BMI,Stroke,G,A,0.0192,0.0023,-0.0076,0.0126,,
rs7871866,chr9:131027982,BMI,Stroke,C,G,0.0187,0.0024,0.0027,0.0131,,
rs16864515,chr1:171435542,BMI,Stroke,A,C,0.0186,0.0029,0.0547,0.015,,
rs7551507,chr1:74995225,BMI,Stroke,T,C,-0.0184,0.0016,0.0096,0.0095,,
rs11577094,chr1:38026600,BMI,Stroke,T,C,0.0182,0.003,0.028,0.0168,,
rs3803286,chr14:103246470,BMI,Stroke,G,A,0.0181,0.0018,0.0099,0.0096,,
rs7947143,chr11:64090422,BMI,Stroke,A,G,-0.018,0.0024,0.0083,0.0127,,
rs6985109,chr8:10761585,BMI,Stroke,A,G,-0.0177,0.0017,-0.0193,0.0094,,
rs28350,chr3:42418446,BMI,Stroke,G,A,0.0177,0.0022,0.0088,0.0118,,
rs2304130,chr19:19789528,BMI,Stroke,G,A,0.0176,0.003,0.0105,0.017,0.962157422888626,0.952745041783226
rs6587552,chr1:151018861,BMI,Stroke,G,A,0.0173,0.002,0.0054,0.0106,0.92275123886362,0.992732056442546
rs2170382,chr8:74689288,BMI,Stroke,T,C,0.0172,0.0027,0.032,0.0145,,
rs7134628,chr12:53785861,BMI,Stroke,A,G,0.0172,0.0028,-0.0189,0.0152,0.948600648922335,0.949452203895951
rs998732,chr19:19378671,BMI,Stroke,G,A,0.0171,0.0022,0.0304,0.0126,0.945493517729402,0.92910864647887
rs427943,chr21:46570896,BMI,Stroke,C,A,-0.017,0.0017,-0.0176,0.0095,,
rs7630080,chr3:53520140,BMI,Stroke,G,A,0.0168,0.0031,0.0056,0.019,,
rs2293605,chr3:184044433,BMI,Stroke,T,C,-0.0167,0.0027,0.0299,0.014,0.924218403906674,0.844647579026811
rs11710798,chr3:48570686,BMI,Stroke,C,A,0.0167,0.0028,-0.0263,0.0166,0.940211232585741,0.922133917748305
rs8033995,chr15:44013509,BMI,Stroke,C,G,-0.0166,0.0029,0.0078,0.0159,,
rs2282231,chr1:39569571,BMI,Stroke,T,C,0.0165,0.0021,0.0044,0.011,,
rs12150665,chr17:34914787,BMI,Stroke,C,T,0.0162,0.0017,0.022,0.0092,0.990304275543427,0.98591129343463
rs2010281,chr14:103862322,BMI,Stroke,A,G,-0.0161,0.0017,-0.0068,0.0099,,
rs2481665,chr1:62594677,BMI,Stroke,C,T,0.0161,0.0016,-0.0121,0.0093,,
rs1048932,chr11:115044850,BMI,Stroke,A,C,-0.016,0.0017,-0.0057,0.0094,,
rs833831,chr12:49333248,BMI,Stroke,G,T,0.016,0.0027,-0.0064,0.0141,,
rs7557796,chr2:86766153,BMI,Stroke,C,T,0.016,0.0018,0.0038,0.0096,0.910101067568272,0.920627142974954
rs12022461,chr1:33232525,BMI,Stroke,A,G,-0.0159,0.0023,0.0091,0.012,,
rs7083450,chr10:103984060,BMI,Stroke,T,C,0.0159,0.0023,-0.0025,0.0122,,
rs7102454,chr11:65594820,BMI,Stroke,C,T,-0.0158,0.0018,0.0129,0.0097,,
rs2246012,chr6:131898208,BMI,Stroke,C,T,-0.0158,0.0022,-0.0013,0.0123,,
rs6463489,chr7:5542513,BMI,Stroke,C,T,0.0157,0.0026,-0.0339,0.0168,0.956507444890273,0.978431400934584
rs11866815,chr16:387867,BMI,Stroke,T,C,-0.0156,0.0019,0.0052,0.0107,,
rs7652415,chr3:9505238,BMI,Stroke,T,C,0.0156,0.0026,0.0235,0.0133,,
rs2162524,chr2:230817437,BMI,Stroke,C,T,-0.0155,0.0018,0.0076,0.0097,,
rs1394,chr8:9511654,BMI,Stroke,A,G,-0.0154,0.0017,-0.0076,0.0097,,
rs1000940,chr17:5283252,BMI,Stroke,G,A,-0.0154,0.0018,-0.0201,0.0099,0.987054530918556,0.829863612531872
rs12468863,chr2:26940294,BMI,Stroke,T,C,-0.0153,0.0016,-0.0139,0.0096,,
rs7535528,chr1:2444414,BMI,Stroke,A,G,-0.0152,0.0018,-0.0088,0.0097,,
rs10886017,chr10:118672531,BMI,Stroke,A,C,0.0152,0.0019,0.0005,0.0106,,
rs7189122,chr16:56471410,BMI,Stroke,C,T,-0.015,0.0023,0.0193,0.0129,0.925766085825616,0.827909449593292
rs905938,chr1:154991389,BMI,Stroke,C,T,-0.0149,0.0019,0.0148,0.0104,0.956838336937747,0.99587869203005
rs4841659,chr8:11828200,BMI,Stroke,T,C,0.0149,0.0017,-0.0023,0.0095,0.949852290774597,0.989204082287887
rs1045411,chr13:31033232,BMI,Stroke,T,C,-0.0148,0.0019,-0.0093,0.0107,,
rs11629783,chr15:66741387,BMI,Stroke,G,C,0.0146,0.002,0.0014,0.0109,,
rs6901756,chr6:41825590,BMI,Stroke,C,T,0.0146,0.0025,0.0192,0.014,,
rs12120851,chr1:115262845,BMI,Stroke,C,T,-0.0144275,0.00240443,-0.0083,0.0111,,
rs3813680,chr6:24848086,BMI,Stroke,G,A,0.0144,0.0024,-0.0311,0.0128,,
rs3957285,chr19:1891992,BMI,Stroke,A,G,0.0144,0.0018,-0.003,0.0099,0.818908762801262,0.8957569779525
rs12044597,chr1:1708801,BMI,Stroke,G,A,-0.0143,0.0016,-0.0055,0.0092,0.994972764091947,0.993637894701309
rs17757975,chr6:38214150,BMI,Stroke,C,T,0.0143,0.0024,-0.0093,0.0132,,
rs6512302,chr20:62691550,BMI,Stroke,C,G,0.0142,0.002,0.0034,0.0122,,
rs4012234,chr20:32553047,BMI,Stroke,G,T,-0.0141,0.0018,0.0093,0.0092,,
rs10878946,chr12:69642315,BMI,Stroke,T,C,-0.0141,0.0019,0.0198,0.0102,,
rs2710323,chr3:52815905,BMI,Stroke,C,T,-0.0141,0.0016,-0.0014,0.0091,0.993713342817642,0.966850616997034
rs12595749,chr15:79432359,BMI,Stroke,G,A,0.0141,0.0017,0.0073,0.0093,,
rs1452075,chr3:62481063,BMI,Stroke,T,C,0.0141,0.0018,0.0041,0.0107,,
rs10838465,chr11:45426141,BMI,Stroke,C,A,0.014,0.0019,-0.0049,0.01,,
rs10779751,chr1:11284336,BMI,Stroke,G,A,0.0139,0.0018,-0.0004,0.0103,,
rs4970712,chr1:92993547,BMI,Stroke,C,A,0.0139,0.002,-0.011,0.0111,0.914923099213268,0.817521668536919
rs4677812,chr3:194863794,BMI,Stroke,A,C,-0.0136,0.0019,0.0071,0.0102,,
rs6606686,chr12:110903380,BMI,Stroke,C,G,-0.0136,0.0018,0.0072,0.01,,
rs11538,chr22:18220831,BMI,Stroke,G,A,-0.0135,0.0023,0.0097,0.0122,,
rs3977755,chr10:104420210,BMI,Stroke,T,C,-0.0135,0.0019,-0.0179,0.0103,0.964880685048043,0.862326563649616
rs738140,chr22:41884954,BMI,Stroke,G,A,0.0135,0.0019,-0.0089,0.01,,
rs559231,chr18:39644247,BMI,Stroke,T,G,0.0135,0.0018,0.0068,0.0095,0.809646253839045,0.876813301545459
rs8075273,chr17:61728881,BMI,Stroke,A,C,-0.0133,0.0018,-0.0138,0.0103,,
rs6738445,chr2:172599615,BMI,Stroke,C,T,-0.0133,0.0018,0.0003,0.01,0.905764929267011,0.988789968046985
rs7716275,chr5:137631073,BMI,Stroke,T,G,-0.0132,0.0021,-0.0299,0.0117,,
rs7830160,chr8:81381871,BMI,Stroke,T,C,-0.0132,0.0019,0.005,0.0108,,
rs1784460,chr11:118938371,BMI,Stroke,A,T,0.0132,0.0018,0.008,0.01,,
rs223391,chr4:103748224,BMI,Stroke,A,G,-0.0131,0.0021,0.0041,0.0117,,
rs2235564,chr1:6713114,BMI,Stroke,T,C,0.0131,0.0018,-0.0145,0.0096,,
rs4877313,chr9:88915566,BMI,Stroke,T,A,0.0129,0.0021,-0.0159,0.0112,,
rs349088,chr11:84814393,BMI,Stroke,A,C,-0.0128,0.0017,-0.0014,0.0093,,
rs4077093,chr12:51593616,BMI,Stroke,G,T,0.0128,0.0022,-0.003,0.0113,,
rs450231,chr9:101481205,BMI,Stroke,A,G,-0.0127,0.002,-0.0129,0.0112,,
rs6569648,chr6:130349119,BMI,Stroke,T,C,-0.0126,0.0019,0.0231,0.011,,
rs7963783,chr12:118409363,BMI,Stroke,G,T,0.0126,0.0019,-0.0187,0.0104,,
rs10832778,chr11:17394073,BMI,Stroke,G,C,-0.0125,0.0017,-0.0305,0.0093,,
rs3134353,chr8:101947453,BMI,Stroke,T,A,-0.0125,0.0018,0.0014,0.0094,,
rs4704513,chr5:77787889,BMI,Stroke,G,C,-0.0125,0.0022,-0.0005,0.0134,,
rs1465900,chr11:76473138,BMI,Stroke,C,A,0.0125,0.002,-0.0248,0.0111,,
rs7133378,chr12:124409502,BMI,Stroke,A,G,0.0125,0.0018,-0.0067,0.0099,0.958423603602258,0.968128465055072
rs11635675,chr15:63793238,BMI,Stroke,G,T,0.0124,0.0018,0.0002,0.0095,,
rs263041,chr3:183522231,BMI,Stroke,G,A,0.0124,0.0018,-0.0035,0.0094,,
rs17446091,chr8:27167942,BMI,Stroke,C,T,-0.0123,0.002,0.0018,0.0114,,
rs7220138,chr17:42254011,BMI,Stroke,G,C,-0.0123,0.0019,0.0043,0.01,,
rs10824218,chr10:76421216,BMI,Stroke,T,A,0.0122,0.0018,0.0001,0.0091,,
rs4653017,chr1:33776728,BMI,Stroke,T,C,0.0122,0.0018,0.0123,0.0097,,
rs1075901,chr17:15943910,BMI,Stroke,C,T,-0.0121,0.0016,-0.0061,0.0094,,
rs7334078,chr13:99120484,BMI,Stroke,C,T,0.0121,0.0019,-0.0139,0.0104,0.950631993048837,0.824398652327078
rs9299,chr17:46669430,BMI,Stroke,T,C,0.0121,0.0018,-0.0312,0.0098,,
rs11066188,chr12:112610714,BMI,Stroke,A,G,-0.012,0.0017,0.0605,0.0094,,
rs1263618,chr2:207956108,BMI,Stroke,C,T,-0.012,0.0017,0.0221,0.0099,,
rs2842385,chr6:19078274,BMI,Stroke,G,A,-0.012,0.0022,-0.0139,0.0116,,
rs2367112,chr5:64168193,BMI,Stroke,G,T,0.0119,0.0016,0.007,0.0099,,
rs7607351,chr2:69562127,BMI,Stroke,C,T,0.0119,0.0017,-0.013,0.0094,,
rs10923724,chr1:119546842,BMI,Stroke,T,C,-0.0118,0.0016,0.0269,0.0094,,
rs2425847,chr20:44907927,BMI,Stroke,G,A,-0.0118,0.0018,0.0169,0.0093,,
rs460799,chr5:66191971,BMI,Stroke,G,A,-0.0118,0.0019,0.0085,0.0102,,
rs936227,chr15:75131959,BMI,Stroke,G,A,-0.0118,0.0017,-0.0169,0.0095,,
rs1730859,chr1:107617707,BMI,Stroke,A,G,-0.0118,0.0017,0.0016,0.0099,0.98768739757477,0.830513854304543
rs12905439,chr15:99521883,BMI,Stroke,G,C,0.0118,0.0018,-0.0103,0.01,,
rs1038088,chr17:28074563,BMI,Stroke,G,T,-0.0117,0.0016,0.0174,0.0091,,
rs217433,chr7:44553496,BMI,Stroke,C,T,-0.0117,0.0021,0.0057,0.0125,,
rs7172627,chr15:31877690,BMI,Stroke,G,A,-0.0117,0.0017,0.0131,0.0092,,
rs1899689,chr7:121964349,BMI,Stroke,T,C,0.0117,0.0016,0.018,0.0095,,
rs7607369,chr2:219279097,BMI,Stroke,G,A,0.0117,0.0016,-0.0186,0.0093,,
rs6764533,chr3:196088464,BMI,Stroke,A,G,0.0116,0.0018,0.0131,0.0098,,
rs1830074,chr7:6718674,BMI,Stroke,C,T,-0.0115,0.0019,-0.0093,0.0102,,
rs2837398,chr21:41427168,BMI,Stroke,C,A,-0.0114,0.0018,0.0174,0.0095,,
rs17685,chr7:75616105,BMI,Stroke,A,G,0.0114,0.002,0.0027,0.011,,
rs10768994,chr11:43936945,BMI,Stroke,C,T,0.0114,0.0017,-0.0007,0.0092,,
rs13209968,chr6:126089285,BMI,Stroke,C,G,0.0114,0.0017,0.0128,0.009,0.96418652379931,0.800997756858592
rs761423,chr1:17301672,BMI,Stroke,C,T,0.0113,0.0017,-0.006,0.009,,
rs7540681,chr1:16832446,BMI,Stroke,C,T,-0.0112038,0.001997,0.0225,0.0117,0.986763149265289,0.948220047632262
rs12628891,chr22:38317137,BMI,Stroke,T,C,-0.0112,0.0019,0.0034,0.0101,,
rs2238373,chr16:2081503,BMI,Stroke,G,A,0.0112,0.0019,-0.006,0.0106,,
rs823074,chr1:205774839,BMI,Stroke,C,T,0.0112,0.0017,0.0069,0.0091,,
rs11670142,chr19:49650471,BMI,Stroke,G,T,-0.0111,0.0018,0.0068,0.0094,,
rs1048303,chr7:100804140,BMI,Stroke,T,C,-0.0111,0.0018,-0.0058,0.0098,,
rs7209235,chr17:73759552,BMI,Stroke,A,G,-0.0111,0.0019,0.0002,0.0103,,
rs2074613,chr5:139714564,BMI,Stroke,T,C,0.0111,0.0017,-0.0035,0.0092,,
rs1117080,chr20:43428323,BMI,Stroke,G,C,0.011,0.0019,0.0098,0.0102,0.913395552580631,0.831551950587571
rs12597712,chr16:54152620,BMI,Stroke,C,G,-0.0109,0.0017,0.0188,0.0092,,
rs9394312,chr6:35672330,BMI,Stroke,C,G,0.0109,0.0017,-0.0186,0.0091,0.992941135504817,0.819095180388421
rs7031064,chr9:14455076,BMI,Stroke,G,A,0.0108,0.0017,-0.0088,0.009,,
rs17695092,chr5:173337853,BMI,Stroke,G,T,0.0106,0.0018,-0.0128,0.0099,0.934792777512443,0.907524571783491
rs13072731,chr3:38533335,BMI,Stroke,C,A,-0.0105,0.0018,0.0006,0.0093,,
rs12545740,chr8:33455300,BMI,Stroke,C,A,0.0105,0.0018,0.0021,0.0094,,
rs6777784,chr3:62376645,BMI,Stroke,T,G,0.0105,0.0018,0.0081,0.0091,,
rs676749,chr20:3026069,BMI,Stroke,A,T,-0.0104,0.0017,0.0048,0.0096,0.833875046738688,0.811989252023073
rs1468069,chr10:98988759,BMI,Stroke,C,A,0.0104,0.0018,-0.0015,0.0102,,
rs12759296,chr1:15881237,BMI,Stroke,G,T,0.0104,0.0018,0.0034,0.0098,,
rs1884389,chr20:1410582,BMI,Stroke,T,C,-0.0103,0.0017,0.0068,0.0094,,
rs2425024,chr20:33844938,BMI,Stroke,C,A,-0.0103,0.0018,0.0027,0.0096,,
rs4865796,chr5:53272664,BMI,Stroke,A,G,-0.0103,0.0018,0.0103,0.0096,,
rs138289,chr22:32182708,BMI,Stroke,T,A,0.0103,0.0017,-0.0017,0.0095,,
rs175165,chr22:20116015,BMI,Stroke,G,T,0.0103,0.0018,-0.0034,0.0099,,
rs472611,chr11:119824102,BMI,Stroke,G,A,-0.0101,0.0018,0.017,0.0097,,
rs4132228,chr3:64708114,BMI,Stroke,T,C,0.0101,0.0018,-0.0338,0.01,,
rs719802,chr11:113234679,BMI,Stroke,C,T,0.0101,0.0018,-0.0064,0.0096,,
rs9921416,chr16:54244754,BMI,Stroke,T,C,-0.01,0.0018,-0.0087,0.0094,,
rs4985557,chr16:70704974,BMI,Stroke,C,T,-0.01,0.0018,0.0034,0.0093,0.999999999797524,0.984032481120675
rs329277,chr7:35080931,BMI,Stroke,G,T,-0.0099,0.0017,0.0036,0.0092,,
rs2052883,chr5:108732690,BMI,Stroke,A,G,0.0098,0.0017,0.0025,0.0101,,
rs4148866,chr12:123425575,BMI,Stroke,T,C,0.0098,0.0018,0.0169,0.0097,,
rs1704190,chr2:200760629,BMI,Stroke,A,G,0.0098,0.0018,-0.004,0.0096,0.928247908993754,0.874458903870613
rs591088,chr1:42438196,BMI,Stroke,T,C,-0.0097,0.0017,-0.0206,0.0093,,
rs9965170,chr18:44788274,BMI,Stroke,A,G,-0.0097,0.0017,-0.0238,0.0092,,
rs881301,chr8:38332318,BMI,Stroke,C,T,-0.0097,0.0017,-0.003,0.0092,0.968248962877149,0.915843761101367
rs3844598,chr5:140992235,BMI,Stroke,G,A,-0.0095,0.0017,-0.0087,0.0091,0.984897818323896,0.946617959648521
rs2280039,chr2:220363488,BMI,Stroke,G,A,0.0095,0.0017,0.0141,0.0095,,
rs7200919,chr16:67316600,BMI,Stroke,A,G,0.0095,0.0017,-0.0022,0.0093,,
rs3807875,chr7:122052524,BMI,Stroke,G,A,-0.0094,0.0017,-0.0082,0.0095,,
rs10144318,chr14:53189731,BMI,Stroke,C,A,0.0092,0.0016,-0.0199,0.0096,,
